region_iso,date,population
AR-A,2021-02-24,1406584
AR-A,2021-02-12,1406584
AR-A,2021-02-23,1406584
AR-A,2021-02-13,1406584
AR-A,2021-02-20,1406584
AR-A,2021-02-14,1406584
AR-A,2021-02-06,1406584
AR-B,2021-02-12,17370144
AR-B,2021-02-06,17370144
AR-B,2021-02-13,17370144
AR-B,2021-02-24,17370144
AR-B,2021-02-23,17370144
AR-B,2021-02-20,17370144
AR-B,2021-02-14,17370144
AR-C,2021-02-13,3063728
AR-C,2021-02-20,3063728
AR-C,2021-02-12,3063728
AR-C,2021-02-06,3063728
AR-C,2021-02-24,3063728
AR-C,2021-02-14,3063728
AR-C,2021-02-23,3063728
AR-D,2021-02-12,502000
AR-D,2021-02-13,502000
AR-D,2021-02-14,502000
AR-D,2021-02-23,502000
AR-D,2021-02-20,502000
AR-D,2021-02-06,502000
AR-D,2021-02-24,502000
AR-E,2021-02-24,1373270
AR-E,2021-02-12,1373270
AR-E,2021-02-20,1373270
AR-E,2021-02-06,1373270
AR-E,2021-02-14,1373270
AR-E,2021-02-13,1373270
AR-E,2021-02-23,1373270
AR-F,2021-02-14,388386
AR-F,2021-02-13,388386
AR-F,2021-02-23,388386
AR-F,2021-02-20,388386
AR-F,2021-02-06,388386
AR-F,2021-02-12,388386
AR-F,2021-02-24,388386
AR-G,2021-02-24,968309
AR-G,2021-02-14,968309
AR-G,2021-02-06,968309
AR-G,2021-02-13,968309
AR-G,2021-02-23,968309
AR-G,2021-02-12,968309
AR-G,2021-02-20,968309
AR-H,2021-02-06,1192616
AR-H,2021-02-23,1192616
AR-H,2021-02-13,1192616
AR-H,2021-02-12,1192616
AR-H,2021-02-24,1192616
AR-H,2021-02-20,1192616
AR-H,2021-02-14,1192616
AR-J,2021-02-24,772876
AR-J,2021-02-23,772876
AR-J,2021-02-12,772876
AR-J,2021-02-14,772876
AR-J,2021-02-06,772876
AR-J,2021-02-13,772876
AR-J,2021-02-20,772876
AR-K,2021-02-24,411824
AR-K,2021-02-20,411824
AR-K,2021-02-06,411824
AR-K,2021-02-14,411824
AR-K,2021-02-13,411824
AR-K,2021-02-12,411824
AR-K,2021-02-23,411824
AR-L,2021-02-24,355422
AR-L,2021-02-23,355422
AR-L,2021-02-13,355422
AR-L,2021-02-14,355422
AR-L,2021-02-06,355422
AR-L,2021-02-12,355422
AR-L,2021-02-20,355422
AR-M,2021-02-12,2086000
AR-M,2021-02-23,2086000
AR-M,2021-02-24,2086000
AR-M,2021-02-13,2086000
AR-M,2021-02-20,2086000
AR-M,2021-02-06,2086000
AR-M,2021-02-14,2086000
AR-N,2021-02-06,1247362
AR-N,2021-02-12,1247362
AR-N,2021-02-24,1247362
AR-N,2021-02-20,1247362
AR-N,2021-02-23,1247362
AR-N,2021-02-14,1247362
AR-N,2021-02-13,1247362
AR-P,2021-02-12,600229
AR-P,2021-02-24,600229
AR-P,2021-02-06,600229
AR-P,2021-02-20,600229
AR-P,2021-02-13,600229
AR-P,2021-02-14,600229
AR-P,2021-02-23,600229
AR-Q,2021-02-23,655501
AR-Q,2021-02-13,655501
AR-Q,2021-02-06,655501
AR-Q,2021-02-14,655501
AR-Q,2021-02-12,655501
AR-Q,2021-02-20,655501
AR-Q,2021-02-24,655501
AR-R,2021-02-24,738060
AR-R,2021-02-20,738060
AR-R,2021-02-12,738060
AR-R,2021-02-23,738060
AR-R,2021-02-13,738060
AR-R,2021-02-06,738060
AR-R,2021-02-14,738060
AR-S,2021-02-24,3509113
AR-S,2021-02-20,3509113
AR-S,2021-02-13,3509113
AR-S,2021-02-06,3509113
AR-S,2021-02-12,3509113
AR-S,2021-02-23,3509113
AR-S,2021-02-14,3509113
AR-T,2021-02-20,1674622
AR-T,2021-02-14,1674622
AR-T,2021-02-13,1674622
AR-T,2021-02-12,1674622
AR-T,2021-02-23,1674622
AR-T,2021-02-24,1674622
AR-T,2021-02-06,1674622
AR-U,2021-02-24,618994
AR-U,2021-02-06,618994
AR-U,2021-02-23,618994
AR-U,2021-02-12,618994
AR-U,2021-02-14,618994
AR-U,2021-02-13,618994
AR-U,2021-02-20,618994
AR-V,2021-02-12,169183
AR-V,2021-02-20,169183
AR-V,2021-02-06,169183
AR-V,2021-02-24,169183
AR-V,2021-02-13,169183
AR-V,2021-02-14,169183
AR-V,2021-02-23,169183
AR-W,2021-02-24,1111052
AR-W,2021-02-20,1111052
AR-W,2021-02-13,1111052
AR-W,2021-02-12,1111052
AR-W,2021-02-06,1111052
AR-W,2021-02-14,1111052
AR-W,2021-02-23,1111052
AR-X,2021-02-20,3722332
AR-X,2021-02-06,3722332
AR-X,2021-02-23,3722332
AR-X,2021-02-13,3722332
AR-X,2021-02-12,3722332
AR-X,2021-02-14,3722332
AR-X,2021-02-24,3722332
AR-Y,2021-02-06,762440
AR-Y,2021-02-20,762440
AR-Y,2021-02-23,762440
AR-Y,2021-02-14,762440
AR-Y,2021-02-13,762440
AR-Y,2021-02-12,762440
AR-Y,2021-02-24,762440
AR-Z,2021-02-14,356647
AR-Z,2021-02-24,356647
AR-Z,2021-02-06,356647
AR-Z,2021-02-20,356647
AR-Z,2021-02-23,356647
AR-Z,2021-02-12,356647
AR-Z,2021-02-13,356647
AT-1,2021-02-24,294436
AT-1,2021-02-20,294436
AT-1,2021-02-23,294436
AT-1,2021-02-12,294436
AT-1,2021-02-06,294436
AT-1,2021-02-14,294436
AT-1,2021-02-13,294436
AT-2,2021-02-23,561293
AT-2,2021-02-14,561293
AT-2,2021-02-20,561293
AT-2,2021-02-06,561293
AT-2,2021-02-24,561293
AT-2,2021-02-12,561293
AT-2,2021-02-13,561293
AT-3,2021-02-12,1684287
AT-3,2021-02-23,1684287
AT-3,2021-02-13,1684287
AT-3,2021-02-20,1684287
AT-3,2021-02-06,1684287
AT-3,2021-02-14,1684287
AT-3,2021-02-24,1684287
AT-4,2021-02-20,1490279
AT-4,2021-02-12,1490279
AT-4,2021-02-23,1490279
AT-4,2021-02-13,1490279
AT-4,2021-02-06,1490279
AT-4,2021-02-24,1490279
AT-4,2021-02-14,1490279
AT-5,2021-02-14,558410
AT-5,2021-02-13,558410
AT-5,2021-02-06,558410
AT-5,2021-02-20,558410
AT-5,2021-02-12,558410
AT-5,2021-02-23,558410
AT-5,2021-02-24,558410
AT-6,2021-02-13,1246395
AT-6,2021-02-14,1246395
AT-6,2021-02-20,1246395
AT-6,2021-02-12,1246395
AT-6,2021-02-06,1246395
AT-6,2021-02-23,1246395
AT-6,2021-02-24,1246395
AT-7,2021-02-24,757634
AT-7,2021-02-20,757634
AT-7,2021-02-06,757634
AT-7,2021-02-14,757634
AT-7,2021-02-12,757634
AT-7,2021-02-13,757634
AT-7,2021-02-23,757634
AT-8,2021-02-13,397139
AT-8,2021-02-20,397139
AT-8,2021-02-06,397139
AT-8,2021-02-23,397139
AT-8,2021-02-24,397139
AT-8,2021-02-14,397139
AT-8,2021-02-12,397139
AT-9,2021-02-23,1911191
AT-9,2021-02-20,1911191
AT-9,2021-02-06,1911191
AT-9,2021-02-14,1911191
AT-9,2021-02-12,1911191
AT-9,2021-02-24,1911191
AT-9,2021-02-13,1911191
AU-ACT,2021-02-24,429834
AU-ACT,2021-02-23,429834
AU-NSW,2021-02-23,8157735
AU-NSW,2021-02-24,8157735
AU-NT,2021-02-23,245353
AU-NT,2021-02-24,245353
AU-QLD,2021-02-23,5160023
AU-QLD,2021-02-24,5160023
AU-SA,2021-02-23,1767247
AU-SA,2021-02-24,1767247
AU-TAS,2021-02-23,539590
AU-TAS,2021-02-24,539590
AU-VIC,2021-02-23,6689377
AU-VIC,2021-02-24,6689377
AU-WA,2021-02-24,2656156
AU-WA,2021-02-23,2656156
BE-BRU,2021-02-24,1218255
BE-BRU,2021-02-23,1218255
BE-BRU,2021-02-13,1198726
BE-BRU,2021-02-14,1198726
BE-BRU,2021-02-20,1218255
BE-BRU,2021-02-12,1198726
BE-BRU,2021-02-06,1198726
BE-VLG,2021-02-23,6629143
BE-VLG,2021-02-06,6381859
BE-VLG,2021-02-12,6552967
BE-VLG,2021-02-20,6629143
BE-VLG,2021-02-14,6552967
BE-VLG,2021-02-14,6381859
BE-VLG,2021-02-12,6381859
BE-VLG,2021-02-13,6552967
BE-VLG,2021-02-06,6552967
BE-VLG,2021-02-13,6381859
BE-VLG,2021-02-24,6629143
BE-WAL,2021-02-12,3624377
BE-WAL,2021-02-13,3624377
BE-WAL,2021-02-14,3624377
BE-WAL,2021-02-23,3645243
BE-WAL,2021-02-06,3624377
BE-WAL,2021-02-24,3645243
BE-WAL,2021-02-20,3645243
BG-01,2021-02-20,323522
BG-01,2021-02-24,323522
BG-01,2021-02-06,323522
BG-01,2021-02-14,323522
BG-01,2021-02-13,323522
BG-01,2021-02-12,323522
BG-01,2021-02-23,323522
BG-02,2021-02-24,415817
BG-02,2021-02-14,415817
BG-02,2021-02-13,415817
BG-02,2021-02-12,415817
BG-02,2021-02-23,415817
BG-02,2021-02-06,415817
BG-02,2021-02-20,415817
BG-03,2021-02-20,472654
BG-03,2021-02-12,472654
BG-03,2021-02-23,472654
BG-03,2021-02-13,472654
BG-03,2021-02-06,472654
BG-03,2021-02-14,472654
BG-03,2021-02-24,472654
BG-04,2021-02-13,258494
BG-04,2021-02-20,258494
BG-04,2021-02-23,258494
BG-04,2021-02-12,258494
BG-04,2021-02-24,258494
BG-04,2021-02-14,258494
BG-04,2021-02-06,258494
BG-05,2021-02-12,91235
BG-05,2021-02-20,91235
BG-05,2021-02-23,91235
BG-05,2021-02-13,91235
BG-05,2021-02-06,91235
BG-05,2021-02-14,91235
BG-05,2021-02-24,91235
BG-06,2021-02-13,186848
BG-06,2021-02-24,186848
BG-06,2021-02-20,186848
BG-06,2021-02-06,186848
BG-06,2021-02-12,186848
BG-06,2021-02-23,186848
BG-06,2021-02-14,186848
BG-07,2021-02-14,122702
BG-07,2021-02-24,122702
BG-07,2021-02-06,122702
BG-07,2021-02-20,122702
BG-07,2021-02-23,122702
BG-07,2021-02-12,122702
BG-07,2021-02-13,122702
BG-08,2021-02-13,189677
BG-08,2021-02-23,189677
BG-08,2021-02-12,189677
BG-08,2021-02-06,189677
BG-08,2021-02-24,189677
BG-08,2021-02-20,189677
BG-08,2021-02-14,189677
BG-09,2021-02-24,152808
BG-09,2021-02-23,152808
BG-09,2021-02-14,152808
BG-09,2021-02-06,152808
BG-09,2021-02-13,152808
BG-09,2021-02-12,152808
BG-09,2021-02-20,152808
BG-10,2021-02-24,136686
BG-10,2021-02-23,136686
BG-10,2021-02-06,136686
BG-10,2021-02-12,136686
BG-10,2021-02-14,136686
BG-10,2021-02-13,136686
BG-10,2021-02-20,136686
BG-11,2021-02-12,141422
BG-11,2021-02-23,141422
BG-11,2021-02-14,141422
BG-11,2021-02-13,141422
BG-11,2021-02-06,141422
BG-11,2021-02-24,141422
BG-11,2021-02-20,141422
BG-12,2021-02-24,148098
BG-12,2021-02-06,148098
BG-12,2021-02-20,148098
BG-12,2021-02-14,148098
BG-12,2021-02-23,148098
BG-12,2021-02-13,148098
BG-12,2021-02-12,148098
BG-13,2021-02-23,275548
BG-13,2021-02-13,275548
BG-13,2021-02-20,275548
BG-13,2021-02-12,275548
BG-13,2021-02-14,275548
BG-13,2021-02-24,275548
BG-13,2021-02-06,275548
BG-14,2021-02-24,125456
BG-14,2021-02-14,125456
BG-14,2021-02-20,125456
BG-14,2021-02-13,125456
BG-14,2021-02-12,125456
BG-14,2021-02-06,125456
BG-14,2021-02-23,125456
BG-15,2021-02-14,251986
BG-15,2021-02-13,251986
BG-15,2021-02-20,251986
BG-15,2021-02-12,251986
BG-15,2021-02-06,251986
BG-15,2021-02-24,251986
BG-15,2021-02-23,251986
BG-16,2021-02-24,683027
BG-16,2021-02-06,683027
BG-16,2021-02-23,683027
BG-16,2021-02-12,683027
BG-16,2021-02-14,683027
BG-16,2021-02-13,683027
BG-16,2021-02-20,683027
BG-17,2021-02-23,125190
BG-17,2021-02-13,125190
BG-17,2021-02-14,125190
BG-17,2021-02-06,125190
BG-17,2021-02-12,125190
BG-17,2021-02-24,125190
BG-17,2021-02-20,125190
BG-18,2021-02-12,235252
BG-18,2021-02-20,235252
BG-18,2021-02-24,235252
BG-18,2021-02-13,235252
BG-18,2021-02-14,235252
BG-18,2021-02-23,235252
BG-18,2021-02-06,235252
BG-19,2021-02-12,119474
BG-19,2021-02-06,119474
BG-19,2021-02-23,119474
BG-19,2021-02-13,119474
BG-19,2021-02-14,119474
BG-19,2021-02-20,119474
BG-19,2021-02-24,119474
BG-20,2021-02-06,197473
BG-20,2021-02-14,197473
BG-20,2021-02-12,197473
BG-20,2021-02-23,197473
BG-20,2021-02-24,197473
BG-20,2021-02-13,197473
BG-20,2021-02-20,197473
BG-21,2021-02-24,109425
BG-21,2021-02-23,109425
BG-21,2021-02-06,109425
BG-21,2021-02-14,109425
BG-21,2021-02-12,109425
BG-21,2021-02-20,109425
BG-21,2021-02-13,109425
BG-22,2021-02-14,1291591
BG-22,2021-02-06,1291591
BG-22,2021-02-23,1291591
BG-22,2021-02-20,1291591
BG-22,2021-02-24,1291591
BG-22,2021-02-12,1291591
BG-22,2021-02-13,1291591
BG-23,2021-02-06,247489
BG-23,2021-02-20,247489
BG-23,2021-02-23,247489
BG-23,2021-02-14,247489
BG-23,2021-02-12,247489
BG-23,2021-02-13,247489
BG-23,2021-02-24,247489
BG-24,2021-02-24,333265
BG-24,2021-02-20,333265
BG-24,2021-02-06,333265
BG-24,2021-02-12,333265
BG-24,2021-02-14,333265
BG-24,2021-02-23,333265
BG-24,2021-02-13,333265
BG-25,2021-02-24,115211
BG-25,2021-02-23,115211
BG-25,2021-02-13,115211
BG-25,2021-02-12,115211
BG-25,2021-02-20,115211
BG-25,2021-02-14,115211
BG-25,2021-02-06,115211
BG-26,2021-02-23,246238
BG-26,2021-02-06,246238
BG-26,2021-02-20,246238
BG-26,2021-02-24,246238
BG-26,2021-02-13,246238
BG-26,2021-02-12,246238
BG-26,2021-02-14,246238
BG-27,2021-02-06,180528
BG-28,2021-02-23,123821
BG-28,2021-02-12,123821
BG-28,2021-02-13,123821
BG-28,2021-02-24,123821
BG-28,2021-02-20,123821
BG-28,2021-02-06,123821
BG-28,2021-02-14,123821
BR-AC,2021-02-06,881935
BR-AC,2021-02-24,881935
BR-AC,2021-02-23,881935
BR-AC,2021-02-20,881935
BR-AC,2021-02-14,881935
BR-AC,2021-02-13,881935
BR-AC,2021-02-12,881935
BR-AL,2021-02-23,3322820
BR-AL,2021-02-12,3322820
BR-AL,2021-02-13,3322820
BR-AL,2021-02-20,3322820
BR-AL,2021-02-06,3322820
BR-AL,2021-02-24,3322820
BR-AL,2021-02-14,3322820
BR-AM,2021-02-06,4063614
BR-AM,2021-02-20,4063614
BR-AM,2021-02-13,4063614
BR-AM,2021-02-12,4063614
BR-AM,2021-02-23,4063614
BR-AM,2021-02-24,4063614
BR-AM,2021-02-14,4063614
BR-AP,2021-02-24,797722
BR-AP,2021-02-14,797722
BR-AP,2021-02-12,797722
BR-AP,2021-02-23,797722
BR-AP,2021-02-20,797722
BR-AP,2021-02-06,797722
BR-AP,2021-02-13,797722
BR-BA,2021-02-23,15344447
BR-BA,2021-02-24,15344447
BR-BA,2021-02-20,15344447
BR-BA,2021-02-12,15344447
BR-BA,2021-02-14,15344447
BR-BA,2021-02-13,15344447
BR-BA,2021-02-06,15344447
BR-CE,2021-02-13,9020460
BR-CE,2021-02-24,9020460
BR-CE,2021-02-12,9020460
BR-CE,2021-02-06,9020460
BR-CE,2021-02-14,9020460
BR-CE,2021-02-23,9020460
BR-CE,2021-02-20,9020460
BR-DF,2021-02-24,3039444
BR-DF,2021-02-23,3039444
BR-DF,2021-02-14,3039444
BR-DF,2021-02-12,3039444
BR-DF,2021-02-06,3039444
BR-DF,2021-02-20,3039444
BR-DF,2021-02-13,3039444
BR-ES,2021-02-06,3885049
BR-ES,2021-02-20,3885049
BR-ES,2021-02-12,3885049
BR-ES,2021-02-14,3885049
BR-ES,2021-02-23,3885049
BR-ES,2021-02-24,3885049
BR-ES,2021-02-13,3885049
BR-GO,2021-02-06,6778772
BR-GO,2021-02-24,6778772
BR-GO,2021-02-14,6778772
BR-GO,2021-02-23,6778772
BR-GO,2021-02-12,6778772
BR-GO,2021-02-13,6778772
BR-GO,2021-02-20,6778772
BR-MA,2021-02-06,7000229
BR-MA,2021-02-14,7000229
BR-MA,2021-02-20,7000229
BR-MA,2021-02-12,7000229
BR-MA,2021-02-24,7000229
BR-MA,2021-02-13,7000229
BR-MA,2021-02-23,7000229
BR-MG,2021-02-24,21119536
BR-MG,2021-02-06,21119536
BR-MG,2021-02-12,21119536
BR-MG,2021-02-14,21119536
BR-MG,2021-02-23,21119536
BR-MG,2021-02-20,21119536
BR-MG,2021-02-13,21119536
BR-MS,2021-02-23,2713147
BR-MS,2021-02-06,2713147
BR-MS,2021-02-14,2713147
BR-MS,2021-02-24,2713147
BR-MS,2021-02-13,2713147
BR-MS,2021-02-20,2713147
BR-MS,2021-02-12,2713147
BR-MT,2021-02-23,3344544
BR-MT,2021-02-24,3344544
BR-MT,2021-02-06,3344544
BR-MT,2021-02-14,3344544
BR-MT,2021-02-20,3344544
BR-MT,2021-02-13,3344544
BR-MT,2021-02-12,3344544
BR-PA,2021-02-20,8366628
BR-PA,2021-02-06,8366628
BR-PA,2021-02-13,8366628
BR-PA,2021-02-23,8366628
BR-PA,2021-02-12,8366628
BR-PA,2021-02-14,8366628
BR-PA,2021-02-24,8366628
BR-PB,2021-02-14,4025558
BR-PB,2021-02-06,4025558
BR-PB,2021-02-13,4025558
BR-PB,2021-02-12,4025558
BR-PB,2021-02-20,4025558
BR-PB,2021-02-24,4025558
BR-PB,2021-02-23,4025558
BR-PE,2021-02-23,9473266
BR-PE,2021-02-12,9473266
BR-PE,2021-02-20,9473266
BR-PE,2021-02-13,9473266
BR-PE,2021-02-06,9473266
BR-PE,2021-02-24,9473266
BR-PE,2021-02-14,9473266
BR-PI,2021-02-20,3219257
BR-PI,2021-02-13,3219257
BR-PI,2021-02-06,3219257
BR-PI,2021-02-23,3219257
BR-PI,2021-02-12,3219257
BR-PI,2021-02-14,3219257
BR-PI,2021-02-24,3219257
BR-PR,2021-02-20,11320892
BR-PR,2021-02-24,11320892
BR-PR,2021-02-13,11320892
BR-PR,2021-02-12,11320892
BR-PR,2021-02-23,11320892
BR-PR,2021-02-14,11320892
BR-PR,2021-02-06,11320892
BR-RJ,2021-02-24,16718956
BR-RJ,2021-02-12,16718956
BR-RJ,2021-02-14,16718956
BR-RJ,2021-02-23,16718956
BR-RJ,2021-02-20,16718956
BR-RJ,2021-02-13,16718956
BR-RJ,2021-02-06,16718956
BR-RN,2021-02-23,3507003
BR-RN,2021-02-24,3507003
BR-RN,2021-02-14,3507003
BR-RN,2021-02-12,3507003
BR-RN,2021-02-13,3507003
BR-RN,2021-02-06,3507003
BR-RN,2021-02-20,3507003
BR-RO,2021-02-23,1590011
BR-RO,2021-02-13,1590011
BR-RO,2021-02-12,1590011
BR-RO,2021-02-24,1590011
BR-RO,2021-02-06,1590011
BR-RO,2021-02-20,1590011
BR-RO,2021-02-14,1590011
BR-RR,2021-02-06,1805788
BR-RR,2021-02-23,1805788
BR-RR,2021-02-14,1805788
BR-RR,2021-02-12,1805788
BR-RR,2021-02-13,1805788
BR-RR,2021-02-24,1805788
BR-RR,2021-02-20,1805788
BR-RS,2021-02-13,11322895
BR-RS,2021-02-12,11322895
BR-RS,2021-02-06,11322895
BR-RS,2021-02-23,11322895
BR-RS,2021-02-14,11322895
BR-RS,2021-02-24,11322895
BR-RS,2021-02-20,11322895
BR-SC,2021-02-23,7001161
BR-SC,2021-02-20,7001161
BR-SC,2021-02-14,7001161
BR-SC,2021-02-24,7001161
BR-SC,2021-02-13,7001161
BR-SC,2021-02-06,7001161
BR-SC,2021-02-12,7001161
BR-SE,2021-02-13,2288116
BR-SE,2021-02-24,2288116
BR-SE,2021-02-14,2288116
BR-SE,2021-02-06,2288116
BR-SE,2021-02-20,2288116
BR-SE,2021-02-12,2288116
BR-SE,2021-02-23,2288116
BR-SP,2021-02-24,45595497
BR-SP,2021-02-06,45595497
BR-SP,2021-02-12,45595497
BR-SP,2021-02-23,45595497
BR-SP,2021-02-14,45595497
BR-SP,2021-02-20,45595497
BR-SP,2021-02-13,45595497
BR-TO,2021-02-14,1550194
BR-TO,2021-02-23,1550194
BR-TO,2021-02-13,1550194
BR-TO,2021-02-20,1550194
BR-TO,2021-02-12,1550194
BR-TO,2021-02-06,1550194
BR-TO,2021-02-24,1550194
CA-AB,2021-02-20,4306039
CA-AB,2021-02-13,4306039
CA-AB,2021-02-14,4306039
CA-AB,2021-02-06,4306039
CA-AB,2021-02-12,4306039
CA-AB,2021-02-23,4306039
CA-AB,2021-02-24,4306039
CA-BC,2021-02-06,4841078
CA-BC,2021-02-20,4841078
CA-BC,2021-02-23,4841078
CA-BC,2021-02-14,4841078
CA-BC,2021-02-13,4841078
CA-BC,2021-02-12,4841078
CA-BC,2021-02-24,4841078
CA-MB,2021-02-14,1343371
CA-MB,2021-02-12,1343371
CA-MB,2021-02-06,1343371
CA-MB,2021-02-23,1343371
CA-MB,2021-02-24,1343371
CA-MB,2021-02-13,1343371
CA-MB,2021-02-20,1343371
CA-NB,2021-02-23,760868
CA-NB,2021-02-24,760868
CA-NB,2021-02-12,760868
CA-NB,2021-02-14,760868
CA-NB,2021-02-13,760868
CA-NB,2021-02-06,760868
CA-NB,2021-02-20,760868
CA-NL,2021-02-23,528430
CA-NL,2021-02-24,528430
CA-NL,2021-02-12,528430
CA-NL,2021-02-13,528430
CA-NL,2021-02-06,528430
CA-NL,2021-02-14,528430
CA-NL,2021-02-20,528430
CA-NS,2021-02-23,957600
CA-NS,2021-02-20,957600
CA-NS,2021-02-14,957600
CA-NS,2021-02-06,957600
CA-NS,2021-02-13,957600
CA-NS,2021-02-12,957600
CA-NS,2021-02-24,957600
CA-NT,2021-02-13,44718
CA-NT,2021-02-14,44718
CA-NT,2021-02-20,44718
CA-NT,2021-02-06,44718
CA-NT,2021-02-23,44718
CA-NT,2021-02-12,44718
CA-NT,2021-02-24,44718
CA-NU,2021-02-24,38243
CA-NU,2021-02-06,38243
CA-NU,2021-02-20,38243
CA-NU,2021-02-12,38243
CA-NU,2021-02-13,38243
CA-NU,2021-02-14,38243
CA-NU,2021-02-23,38243
CA-ON,2021-02-14,14279196
CA-ON,2021-02-20,14279196
CA-ON,2021-02-06,14279196
CA-ON,2021-02-13,14279196
CA-ON,2021-02-12,14279196
CA-ON,2021-02-24,14279196
CA-ON,2021-02-23,14279196
CA-PE,2021-02-13,152784
CA-PE,2021-02-06,152784
CA-PE,2021-02-23,152784
CA-PE,2021-02-12,152784
CA-PE,2021-02-14,152784
CA-PE,2021-02-24,152784
CA-PE,2021-02-20,152784
CA-QC,2021-02-23,8604838
CA-QC,2021-02-06,8604838
CA-QC,2021-02-13,8604838
CA-QC,2021-02-20,8604838
CA-QC,2021-02-14,8604838
CA-QC,2021-02-12,8604838
CA-QC,2021-02-24,8604838
CA-SK,2021-02-23,1168057
CA-SK,2021-02-20,1168057
CA-SK,2021-02-14,1168057
CA-SK,2021-02-13,1168057
CA-SK,2021-02-06,1168057
CA-SK,2021-02-24,1168057
CA-SK,2021-02-12,1168057
CA-YT,2021-02-14,42052
CA-YT,2021-02-12,42052
CA-YT,2021-02-23,42052
CA-YT,2021-02-20,42052
CA-YT,2021-02-06,42052
CA-YT,2021-02-13,42052
CA-YT,2021-02-24,42052
CH-AG,2021-02-23,678207
CH-AG,2021-02-24,678207
CH-AG,2021-02-13,678207
CH-AG,2021-02-06,678207
CH-AG,2021-02-20,678207
CH-AG,2021-02-14,678207
CH-AG,2021-02-12,678207
CH-AI,2021-02-24,16145
CH-AI,2021-02-23,16145
CH-AI,2021-02-20,16145
CH-AI,2021-02-14,16145
CH-AI,2021-02-06,16145
CH-AI,2021-02-13,16145
CH-AI,2021-02-12,16145
CH-AR,2021-02-12,55234
CH-AR,2021-02-20,55234
CH-AR,2021-02-13,55234
CH-AR,2021-02-06,55234
CH-AR,2021-02-14,55234
CH-AR,2021-02-24,55234
CH-AR,2021-02-23,55234
CH-BE,2021-02-12,1034977
CH-BE,2021-02-20,1034977
CH-BE,2021-02-24,1034977
CH-BE,2021-02-14,1034977
CH-BE,2021-02-13,1034977
CH-BE,2021-02-06,1034977
CH-BE,2021-02-23,1034977
CH-BL,2021-02-24,288132
CH-BL,2021-02-23,288132
CH-BL,2021-02-12,288132
CH-BL,2021-02-20,288132
CH-BL,2021-02-13,288132
CH-BL,2021-02-14,288132
CH-BL,2021-02-06,288132
CH-BS,2021-02-14,194766
CH-BS,2021-02-13,194766
CH-BS,2021-02-23,194766
CH-BS,2021-02-20,194766
CH-BS,2021-02-24,194766
CH-BS,2021-02-06,194766
CH-BS,2021-02-12,194766
CH-FR,2021-02-24,318714
CH-FR,2021-02-20,318714
CH-FR,2021-02-06,318714
CH-FR,2021-02-23,318714
CH-FR,2021-02-13,318714
CH-FR,2021-02-12,318714
CH-FR,2021-02-14,318714
CH-GE,2021-02-23,499480
CH-GE,2021-02-20,499480
CH-GE,2021-02-06,499480
CH-GE,2021-02-12,499480
CH-GE,2021-02-13,499480
CH-GE,2021-02-14,499480
CH-GE,2021-02-24,499480
CH-GL,2021-02-14,40403
CH-GL,2021-02-23,40403
CH-GL,2021-02-13,40403
CH-GL,2021-02-20,40403
CH-GL,2021-02-24,40403
CH-GL,2021-02-12,40403
CH-GL,2021-02-06,40403
CH-GR,2021-02-14,198379
CH-GR,2021-02-20,198379
CH-GR,2021-02-06,198379
CH-GR,2021-02-13,198379
CH-GR,2021-02-23,198379
CH-GR,2021-02-12,198379
CH-GR,2021-02-24,198379
CH-JU,2021-02-23,73419
CH-JU,2021-02-24,73419
CH-JU,2021-02-06,73419
CH-JU,2021-02-13,73419
CH-JU,2021-02-14,73419
CH-JU,2021-02-20,73419
CH-JU,2021-02-12,73419
CH-LU,2021-02-23,409557
CH-LU,2021-02-06,409557
CH-LU,2021-02-12,409557
CH-LU,2021-02-20,409557
CH-LU,2021-02-13,409557
CH-LU,2021-02-14,409557
CH-LU,2021-02-24,409557
CH-NE,2021-02-12,176850
CH-NE,2021-02-06,176850
CH-NE,2021-02-24,176850
CH-NE,2021-02-23,176850
CH-NE,2021-02-13,176850
CH-NE,2021-02-14,176850
CH-NE,2021-02-20,176850
CH-NW,2021-02-13,43223
CH-NW,2021-02-23,43223
CH-NW,2021-02-20,43223
CH-NW,2021-02-12,43223
CH-NW,2021-02-24,43223
CH-NW,2021-02-06,43223
CH-NW,2021-02-14,43223
CH-OW,2021-02-20,37841
CH-OW,2021-02-14,37841
CH-OW,2021-02-06,37841
CH-OW,2021-02-13,37841
CH-OW,2021-02-12,37841
CH-OW,2021-02-23,37841
CH-OW,2021-02-24,37841
CH-SG,2021-02-12,507697
CH-SG,2021-02-24,507697
CH-SG,2021-02-13,507697
CH-SG,2021-02-06,507697
CH-SG,2021-02-20,507697
CH-SG,2021-02-14,507697
CH-SG,2021-02-23,507697
CH-SH,2021-02-23,81991
CH-SH,2021-02-20,81991
CH-SH,2021-02-13,81991
CH-SH,2021-02-06,81991
CH-SH,2021-02-14,81991
CH-SH,2021-02-24,81991
CH-SH,2021-02-12,81991
CH-SO,2021-02-20,273194
CH-SO,2021-02-06,273194
CH-SO,2021-02-14,273194
CH-SO,2021-02-12,273194
CH-SO,2021-02-13,273194
CH-SO,2021-02-23,273194
CH-SO,2021-02-24,273194
CH-SZ,2021-02-24,159165
CH-SZ,2021-02-13,159165
CH-SZ,2021-02-23,159165
CH-SZ,2021-02-12,159165
CH-SZ,2021-02-06,159165
CH-SZ,2021-02-14,159165
CH-SZ,2021-02-20,159165
CH-TG,2021-02-20,276472
CH-TG,2021-02-06,276472
CH-TG,2021-02-13,276472
CH-TG,2021-02-24,276472
CH-TG,2021-02-23,276472
CH-TG,2021-02-14,276472
CH-TG,2021-02-12,276472
CH-TI,2021-02-14,353343
CH-TI,2021-02-23,353343
CH-TI,2021-02-06,353343
CH-TI,2021-02-24,353343
CH-TI,2021-02-13,353343
CH-TI,2021-02-20,353343
CH-TI,2021-02-12,353343
CH-UR,2021-02-23,36433
CH-UR,2021-02-20,36433
CH-UR,2021-02-12,36433
CH-UR,2021-02-06,36433
CH-UR,2021-02-13,36433
CH-UR,2021-02-14,36433
CH-UR,2021-02-24,36433
CH-VD,2021-02-14,799145
CH-VD,2021-02-12,799145
CH-VD,2021-02-06,799145
CH-VD,2021-02-13,799145
CH-VD,2021-02-20,799145
CH-VD,2021-02-24,799145
CH-VD,2021-02-23,799145
CH-VS,2021-02-24,343955
CH-VS,2021-02-20,343955
CH-VS,2021-02-14,343955
CH-VS,2021-02-23,343955
CH-VS,2021-02-06,343955
CH-VS,2021-02-13,343955
CH-VS,2021-02-12,343955
CH-ZG,2021-02-06,126837
CH-ZG,2021-02-23,126837
CH-ZG,2021-02-20,126837
CH-ZG,2021-02-13,126837
CH-ZG,2021-02-14,126837
CH-ZG,2021-02-12,126837
CH-ZG,2021-02-24,126837
CH-ZH,2021-02-20,1520968
CH-ZH,2021-02-13,1520968
CH-ZH,2021-02-14,1520968
CH-ZH,2021-02-12,1520968
CH-ZH,2021-02-06,1520968
CH-ZH,2021-02-23,1520968
CH-ZH,2021-02-24,1520968
CL-AI,2021-02-14,103158
CL-AI,2021-02-20,103158
CL-AI,2021-02-24,103158
CL-AI,2021-02-12,103158
CL-AI,2021-02-23,103158
CL-AI,2021-02-13,103158
CL-AI,2021-02-06,103158
CL-AN,2021-02-24,607534
CL-AN,2021-02-20,607534
CL-AN,2021-02-06,607534
CL-AN,2021-02-12,607534
CL-AN,2021-02-13,607534
CL-AN,2021-02-14,607534
CL-AN,2021-02-23,607534
CL-AP,2021-02-12,226068
CL-AP,2021-02-23,226068
CL-AP,2021-02-13,226068
CL-AP,2021-02-06,226068
CL-AP,2021-02-20,226068
CL-AP,2021-02-14,226068
CL-AP,2021-02-24,226068
CL-AR,2021-02-24,957224
CL-AR,2021-02-20,957224
CL-AR,2021-02-14,957224
CL-AR,2021-02-23,957224
CL-AR,2021-02-12,957224
CL-AR,2021-02-06,957224
CL-AR,2021-02-13,957224
CL-AT,2021-02-13,286168
CL-AT,2021-02-06,286168
CL-AT,2021-02-23,286168
CL-AT,2021-02-14,286168
CL-AT,2021-02-12,286168
CL-AT,2021-02-20,286168
CL-AT,2021-02-24,286168
CL-BI,2021-02-14,1556805
CL-BI,2021-02-12,1556805
CL-BI,2021-02-23,1556805
CL-BI,2021-02-13,1556805
CL-BI,2021-02-20,1556805
CL-BI,2021-02-24,1556805
CL-BI,2021-02-06,1556805
CL-CO,2021-02-20,757586
CL-CO,2021-02-12,757586
CL-CO,2021-02-14,757586
CL-CO,2021-02-13,757586
CL-CO,2021-02-06,757586
CL-CO,2021-02-23,757586
CL-CO,2021-02-24,757586
CL-LI,2021-02-24,914555
CL-LI,2021-02-12,914555
CL-LI,2021-02-23,914555
CL-LI,2021-02-13,914555
CL-LI,2021-02-20,914555
CL-LI,2021-02-14,914555
CL-LI,2021-02-06,914555
CL-LL,2021-02-23,828708
CL-LL,2021-02-06,828708
CL-LL,2021-02-12,828708
CL-LL,2021-02-14,828708
CL-LL,2021-02-24,828708
CL-LL,2021-02-20,828708
CL-LL,2021-02-13,828708
CL-LR,2021-02-06,384837
CL-LR,2021-02-14,384837
CL-LR,2021-02-12,384837
CL-LR,2021-02-23,384837
CL-LR,2021-02-20,384837
CL-LR,2021-02-13,384837
CL-LR,2021-02-24,384837
CL-MA,2021-02-12,166533
CL-MA,2021-02-24,166533
CL-MA,2021-02-23,166533
CL-MA,2021-02-14,166533
CL-MA,2021-02-06,166533
CL-MA,2021-02-20,166533
CL-MA,2021-02-13,166533
CL-ML,2021-02-23,1044950
CL-ML,2021-02-13,1044950
CL-ML,2021-02-12,1044950
CL-ML,2021-02-20,1044950
CL-ML,2021-02-06,1044950
CL-ML,2021-02-14,1044950
CL-ML,2021-02-24,1044950
CL-NB,2021-02-13,480609
CL-NB,2021-02-24,480609
CL-NB,2021-02-23,480609
CL-NB,2021-02-06,480609
CL-NB,2021-02-14,480609
CL-NB,2021-02-12,480609
CL-NB,2021-02-20,480609
CL-RM,2021-02-14,7112808
CL-RM,2021-02-23,7112808
CL-RM,2021-02-06,7112808
CL-RM,2021-02-13,7112808
CL-RM,2021-02-24,7112808
CL-RM,2021-02-20,7112808
CL-RM,2021-02-12,7112808
CL-TA,2021-02-14,330558
CL-TA,2021-02-12,330558
CL-TA,2021-02-06,330558
CL-TA,2021-02-20,330558
CL-TA,2021-02-13,330558
CL-TA,2021-02-24,330558
CL-TA,2021-02-23,330558
CL-VS,2021-02-23,1815902
CL-VS,2021-02-20,1815902
CL-VS,2021-02-14,1815902
CL-VS,2021-02-13,1815902
CL-VS,2021-02-12,1815902
CL-VS,2021-02-06,1815902
CL-VS,2021-02-24,1815902
CZ-10,2021-02-23,1324277
CZ-10,2021-02-06,1324277
CZ-10,2021-02-24,1324277
CZ-10,2021-02-20,1324277
CZ-10,2021-02-13,1324277
CZ-10,2021-02-12,1324277
CZ-10,2021-02-14,1324277
CZ-20,2021-02-24,1385141
CZ-20,2021-02-13,1385141
CZ-20,2021-02-12,1385141
CZ-20,2021-02-14,1385141
CZ-20,2021-02-23,1385141
CZ-20,2021-02-20,1385141
CZ-20,2021-02-06,1385141
CZ-31,2021-02-23,644083
CZ-31,2021-02-06,644083
CZ-31,2021-02-13,644083
CZ-31,2021-02-12,644083
CZ-31,2021-02-14,644083
CZ-31,2021-02-20,644083
CZ-31,2021-02-24,644083
CZ-32,2021-02-24,589899
CZ-32,2021-02-06,589899
CZ-32,2021-02-12,589899
CZ-32,2021-02-14,589899
CZ-32,2021-02-13,589899
CZ-32,2021-02-23,589899
CZ-32,2021-02-20,589899
CZ-41,2021-02-12,294664
CZ-41,2021-02-14,294664
CZ-41,2021-02-13,294664
CZ-41,2021-02-20,294664
CZ-41,2021-02-23,294664
CZ-41,2021-02-24,294664
CZ-41,2021-02-06,294664
CZ-42,2021-02-24,820965
CZ-42,2021-02-23,820965
CZ-42,2021-02-14,820965
CZ-42,2021-02-12,820965
CZ-42,2021-02-13,820965
CZ-42,2021-02-20,820965
CZ-42,2021-02-06,820965
CZ-51,2021-02-24,443690
CZ-51,2021-02-20,443690
CZ-51,2021-02-14,443690
CZ-51,2021-02-13,443690
CZ-51,2021-02-12,443690
CZ-51,2021-02-06,443690
CZ-51,2021-02-23,443690
CZ-52,2021-02-06,551647
CZ-52,2021-02-24,551647
CZ-52,2021-02-14,551647
CZ-52,2021-02-13,551647
CZ-52,2021-02-20,551647
CZ-52,2021-02-12,551647
CZ-52,2021-02-23,551647
CZ-53,2021-02-24,522662
CZ-53,2021-02-06,522662
CZ-53,2021-02-13,522662
CZ-53,2021-02-20,522662
CZ-53,2021-02-23,522662
CZ-53,2021-02-14,522662
CZ-53,2021-02-12,522662
CZ-63,2021-02-24,509813
CZ-63,2021-02-12,509813
CZ-63,2021-02-14,509813
CZ-63,2021-02-06,509813
CZ-63,2021-02-20,509813
CZ-63,2021-02-13,509813
CZ-63,2021-02-23,509813
CZ-64,2021-02-23,1191989
CZ-64,2021-02-24,1191989
CZ-64,2021-02-14,1191989
CZ-64,2021-02-06,1191989
CZ-64,2021-02-13,1191989
CZ-64,2021-02-20,1191989
CZ-64,2021-02-12,1191989
CZ-71,2021-02-24,632015
CZ-71,2021-02-14,632015
CZ-71,2021-02-23,632015
CZ-71,2021-02-13,632015
CZ-71,2021-02-06,632015
CZ-71,2021-02-20,632015
CZ-71,2021-02-12,632015
CZ-72,2021-02-14,582555
CZ-72,2021-02-06,582555
CZ-72,2021-02-13,582555
CZ-72,2021-02-12,582555
CZ-72,2021-02-23,582555
CZ-72,2021-02-24,582555
CZ-72,2021-02-20,582555
CZ-80,2021-02-20,1200539
CZ-80,2021-02-14,1200539
CZ-80,2021-02-24,1200539
CZ-80,2021-02-23,1200539
CZ-80,2021-02-13,1200539
CZ-80,2021-02-06,1200539
CZ-80,2021-02-12,1200539
DE-BB,2021-02-20,2449193
DE-BB,2021-02-12,2449193
DE-BB,2021-02-06,2449193
DE-BB,2021-02-13,2449193
DE-BB,2021-02-23,2449193
DE-BB,2021-02-14,2449193
DE-BB,2021-02-24,2449193
DE-BE,2021-02-06,3644826
DE-BE,2021-02-14,3644826
DE-BE,2021-02-13,3644826
DE-BE,2021-02-20,3644826
DE-BE,2021-02-23,3644826
DE-BE,2021-02-12,3644826
DE-BE,2021-02-24,3644826
DE-BW,2021-02-23,11069533
DE-BW,2021-02-06,11069533
DE-BW,2021-02-12,11069533
DE-BW,2021-02-20,11069533
DE-BW,2021-02-14,11069533
DE-BW,2021-02-24,11069533
DE-BW,2021-02-13,11069533
DE-BY,2021-02-24,12930751
DE-BY,2021-02-23,12930751
DE-BY,2021-02-20,12930751
DE-BY,2021-02-14,12930751
DE-BY,2021-02-13,12930751
DE-BY,2021-02-06,12930751
DE-BY,2021-02-12,12930751
DE-HB,2021-02-20,661000
DE-HB,2021-02-24,661000
DE-HB,2021-02-23,661000
DE-HB,2021-02-14,661000
DE-HB,2021-02-13,661000
DE-HB,2021-02-12,661000
DE-HB,2021-02-06,661000
DE-HE,2021-02-20,6265809
DE-HE,2021-02-13,6265809
DE-HE,2021-02-06,6265809
DE-HE,2021-02-14,6265809
DE-HE,2021-02-12,6265809
DE-HE,2021-02-24,6265809
DE-HE,2021-02-23,6265809
DE-HH,2021-02-24,1841179
DE-HH,2021-02-20,1841179
DE-HH,2021-02-12,1841179
DE-HH,2021-02-14,1841179
DE-HH,2021-02-13,1841179
DE-HH,2021-02-06,1841179
DE-HH,2021-02-23,1841179
DE-MV,2021-02-12,1609675
DE-MV,2021-02-24,1609675
DE-MV,2021-02-23,1609675
DE-MV,2021-02-20,1609675
DE-MV,2021-02-14,1609675
DE-MV,2021-02-06,1609675
DE-MV,2021-02-13,1609675
DE-NI,2021-02-23,7982448
DE-NI,2021-02-13,7982448
DE-NI,2021-02-14,7982448
DE-NI,2021-02-20,7982448
DE-NI,2021-02-24,7982448
DE-NI,2021-02-12,7982448
DE-NI,2021-02-06,7982448
DE-NW,2021-02-13,17932651
DE-NW,2021-02-12,17932651
DE-NW,2021-02-20,17932651
DE-NW,2021-02-24,17932651
DE-NW,2021-02-14,17932651
DE-NW,2021-02-06,17932651
DE-NW,2021-02-23,17932651
DE-RP,2021-02-23,4084844
DE-RP,2021-02-20,4084844
DE-RP,2021-02-14,4084844
DE-RP,2021-02-13,4084844
DE-RP,2021-02-12,4084844
DE-RP,2021-02-06,4084844
DE-RP,2021-02-24,4084844
DE-SH,2021-02-24,2896712
DE-SH,2021-02-06,2896712
DE-SH,2021-02-12,2896712
DE-SH,2021-02-20,2896712
DE-SH,2021-02-23,2896712
DE-SH,2021-02-13,2896712
DE-SH,2021-02-14,2896712
DE-SL,2021-02-20,986887
DE-SL,2021-02-14,986887
DE-SL,2021-02-23,986887
DE-SL,2021-02-13,986887
DE-SL,2021-02-06,995597
DE-SL,2021-02-12,986887
DE-SL,2021-02-24,986887
DE-SN,2021-02-23,4077937
DE-SN,2021-02-12,4077937
DE-SN,2021-02-20,4077937
DE-SN,2021-02-14,4077937
DE-SN,2021-02-24,4077937
DE-SN,2021-02-06,4077937
DE-SN,2021-02-13,4077937
DE-ST,2021-02-24,2245470
DE-ST,2021-02-23,2245470
DE-ST,2021-02-06,2245470
DE-ST,2021-02-12,2245470
DE-ST,2021-02-20,2245470
DE-ST,2021-02-13,2245470
DE-ST,2021-02-14,2245470
DE-TH,2021-02-23,2143145
DE-TH,2021-02-20,2143145
DE-TH,2021-02-13,2143145
DE-TH,2021-02-06,2143145
DE-TH,2021-02-14,2143145
DE-TH,2021-02-24,2143145
DE-TH,2021-02-12,2143145
DK-81,2021-02-24,590580
DK-81,2021-02-20,590580
DK-81,2021-02-06,590580
DK-81,2021-02-12,590580
DK-81,2021-02-23,590580
DK-81,2021-02-14,590580
DK-81,2021-02-13,590580
DK-82,2021-02-12,1326913
DK-82,2021-02-24,1326913
DK-82,2021-02-20,1326913
DK-82,2021-02-06,1326913
DK-82,2021-02-23,1326913
DK-82,2021-02-13,1326913
DK-82,2021-02-14,1326913
DK-83,2021-02-24,1223894
DK-83,2021-02-20,1223894
DK-83,2021-02-06,1223894
DK-83,2021-02-12,1223894
DK-83,2021-02-14,1223894
DK-83,2021-02-23,1223894
DK-83,2021-02-13,1223894
DK-84,2021-02-06,1848989
DK-84,2021-02-20,1848989
DK-84,2021-02-14,1848989
DK-84,2021-02-13,1848989
DK-84,2021-02-23,1848989
DK-84,2021-02-12,1848989
DK-84,2021-02-24,1848989
DK-85,2021-02-13,837087
DK-85,2021-02-14,837087
DK-85,2021-02-12,837087
DK-85,2021-02-20,837087
DK-85,2021-02-06,837087
DK-85,2021-02-23,837087
DK-85,2021-02-24,837087
ES-AN,2021-02-13,8476718
ES-AN,2021-02-14,8476718
ES-AN,2021-02-12,8476718
ES-AN,2021-02-06,8476718
ES-AN,2021-02-24,8476718
ES-AN,2021-02-23,8476718
ES-AN,2021-02-20,8476718
ES-AR,2021-02-14,1324397
ES-AR,2021-02-20,1324397
ES-AR,2021-02-13,1324397
ES-AR,2021-02-24,1324397
ES-AR,2021-02-06,1324397
ES-AR,2021-02-12,1324397
ES-AR,2021-02-23,1324397
ES-AS,2021-02-13,1028244
ES-AS,2021-02-12,1028244
ES-AS,2021-02-14,1028244
ES-AS,2021-02-06,1028244
ES-AS,2021-02-23,1028244
ES-AS,2021-02-20,1028244
ES-AS,2021-02-24,1028244
ES-CB,2021-02-24,580229
ES-CB,2021-02-20,580229
ES-CB,2021-02-06,580229
ES-CB,2021-02-13,580229
ES-CB,2021-02-12,580229
ES-CB,2021-02-23,580229
ES-CB,2021-02-14,580229
ES-CE,2021-02-12,84202
ES-CE,2021-02-14,84202
ES-CE,2021-02-20,84202
ES-CE,2021-02-13,84202
ES-CE,2021-02-06,84202
ES-CE,2021-02-23,84202
ES-CE,2021-02-24,84202
ES-CL,2021-02-13,2418694
ES-CL,2021-02-12,2418694
ES-CL,2021-02-06,2418694
ES-CL,2021-02-20,2418694
ES-CL,2021-02-23,2418694
ES-CL,2021-02-14,2418694
ES-CL,2021-02-24,2418694
ES-CM,2021-02-12,2106331
ES-CM,2021-02-24,2106331
ES-CM,2021-02-13,2106331
ES-CM,2021-02-23,2106331
ES-CM,2021-02-06,2106331
ES-CM,2021-02-20,2106331
ES-CM,2021-02-14,2106331
ES-CN,2021-02-13,2175952
ES-CN,2021-02-12,2175952
ES-CN,2021-02-14,2175952
ES-CN,2021-02-23,2175952
ES-CN,2021-02-20,2175952
ES-CN,2021-02-06,2127685
ES-CN,2021-02-24,2175952
ES-CT,2021-02-23,7727029
ES-CT,2021-02-20,7727029
ES-CT,2021-02-12,7727029
ES-CT,2021-02-14,7727029
ES-CT,2021-02-13,7727029
ES-CT,2021-02-06,7727029
ES-CT,2021-02-24,7727029
ES-EX,2021-02-24,1067710
ES-EX,2021-02-12,1067710
ES-EX,2021-02-23,1067710
ES-EX,2021-02-14,1067710
ES-EX,2021-02-13,1067710
ES-EX,2021-02-06,1067710
ES-EX,2021-02-20,1067710
ES-GA,2021-02-20,2703290
ES-GA,2021-02-12,2703290
ES-GA,2021-02-06,2703290
ES-GA,2021-02-13,2703290
ES-GA,2021-02-14,2703290
ES-GA,2021-02-24,2703290
ES-GA,2021-02-23,2703290
ES-IB,2021-02-13,1149460
ES-IB,2021-02-24,1149460
ES-IB,2021-02-14,1149460
ES-IB,2021-02-06,1149460
ES-IB,2021-02-23,1149460
ES-IB,2021-02-20,1149460
ES-IB,2021-02-12,1149460
ES-MC,2021-02-24,1504607
ES-MC,2021-02-23,1504607
ES-MC,2021-02-06,1504607
ES-MC,2021-02-14,1504607
ES-MC,2021-02-12,1504607
ES-MC,2021-02-20,1504607
ES-MC,2021-02-13,1504607
ES-MD,2021-02-23,6779888
ES-MD,2021-02-24,6779888
ES-MD,2021-02-20,6779888
ES-MD,2021-02-14,6779888
ES-MD,2021-02-12,6779888
ES-MD,2021-02-06,6779888
ES-MD,2021-02-13,6779888
ES-ML,2021-02-24,87076
ES-ML,2021-02-13,87076
ES-ML,2021-02-06,87076
ES-ML,2021-02-23,87076
ES-ML,2021-02-20,87076
ES-ML,2021-02-14,87076
ES-ML,2021-02-12,87076
ES-NC,2021-02-24,647554
ES-NC,2021-02-14,647554
ES-NC,2021-02-12,647554
ES-NC,2021-02-23,647554
ES-NC,2021-02-06,647554
ES-NC,2021-02-13,647554
ES-NC,2021-02-20,647554
ES-PV,2021-02-06,2167707
ES-PV,2021-02-14,2167707
ES-PV,2021-02-23,2167707
ES-PV,2021-02-13,2167707
ES-PV,2021-02-20,2167707
ES-PV,2021-02-24,2167707
ES-PV,2021-02-12,2167707
ES-RI,2021-02-24,315675
ES-RI,2021-02-12,315675
ES-RI,2021-02-20,315675
ES-RI,2021-02-13,315675
ES-RI,2021-02-23,315675
ES-RI,2021-02-14,315675
ES-RI,2021-02-06,315675
ES-VC,2021-02-13,5003769
ES-VC,2021-02-24,5003769
ES-VC,2021-02-06,5003769
ES-VC,2021-02-12,5003769
ES-VC,2021-02-14,5003769
ES-VC,2021-02-23,5003769
ES-VC,2021-02-20,5003769
FR-ARA,2021-02-14,7948287
FR-ARA,2021-02-06,7948287
FR-ARA,2021-02-12,7948287
FR-ARA,2021-02-20,7948287
FR-ARA,2021-02-13,7948287
FR-ARA,2021-02-23,7948287
FR-ARA,2021-02-24,7948287
FR-BFC,2021-02-24,2811423
FR-BFC,2021-02-13,2811423
FR-BFC,2021-02-20,2811423
FR-BFC,2021-02-12,2811423
FR-BFC,2021-02-14,2811423
FR-BFC,2021-02-06,2811423
FR-BFC,2021-02-23,2811423
FR-BRE,2021-02-24,3318904
FR-BRE,2021-02-23,3318904
FR-BRE,2021-02-06,3318904
FR-BRE,2021-02-14,3318904
FR-BRE,2021-02-20,3318904
FR-BRE,2021-02-13,3318904
FR-BRE,2021-02-12,3318904
FR-CVL,2021-02-14,2576252
FR-CVL,2021-02-20,2576252
FR-CVL,2021-02-23,2576252
FR-CVL,2021-02-24,2576252
FR-CVL,2021-02-06,2576252
FR-CVL,2021-02-12,2576252
FR-CVL,2021-02-13,2576252
FR-GES,2021-02-23,5549586
FR-GES,2021-02-13,5549586
FR-GES,2021-02-14,5549586
FR-GES,2021-02-20,5549586
FR-GES,2021-02-12,5549586
FR-GES,2021-02-06,5549586
FR-GES,2021-02-24,5549586
FR-GF,2021-02-23,282731
FR-GF,2021-02-14,268700
FR-GF,2021-02-14,282731
FR-GF,2021-02-24,282731
FR-GF,2021-02-12,282731
FR-GF,2021-02-20,282731
FR-GF,2021-02-06,268700
FR-GF,2021-02-13,268700
FR-GF,2021-02-12,268700
FR-GF,2021-02-13,282731
FR-GF,2021-02-06,282731
FR-GP,2021-02-24,390253
FR-GP,2021-02-23,390253
FR-GP,2021-02-13,390253
FR-GP,2021-02-20,390253
FR-GP,2021-02-06,390253
FR-GP,2021-02-12,390253
FR-GP,2021-02-14,390253
FR-HDF,2021-02-24,6003815
FR-HDF,2021-02-20,6003815
FR-HDF,2021-02-23,6003815
FR-HDF,2021-02-13,6003815
FR-HDF,2021-02-14,6003815
FR-HDF,2021-02-12,6003815
FR-HDF,2021-02-06,6003815
FR-IDF,2021-02-12,12174880
FR-IDF,2021-02-23,12174880
FR-IDF,2021-02-13,12174880
FR-IDF,2021-02-24,12174880
FR-IDF,2021-02-14,12174880
FR-IDF,2021-02-20,12174880
FR-IDF,2021-02-06,12174880
FR-MQ,2021-02-14,372594
FR-MQ,2021-02-24,372594
FR-MQ,2021-02-13,372594
FR-MQ,2021-02-06,372594
FR-MQ,2021-02-12,372594
FR-MQ,2021-02-20,372594
FR-MQ,2021-02-23,372594
FR-NAQ,2021-02-13,5956978
FR-NAQ,2021-02-20,5956978
FR-NAQ,2021-02-14,5956978
FR-NAQ,2021-02-06,5956978
FR-NAQ,2021-02-12,5956978
FR-NAQ,2021-02-24,5956978
FR-NAQ,2021-02-23,5956978
FR-NOR,2021-02-24,3330478
FR-NOR,2021-02-20,3330478
FR-NOR,2021-02-12,3330478
FR-NOR,2021-02-23,3330478
FR-NOR,2021-02-06,3330478
FR-NOR,2021-02-14,3330478
FR-NOR,2021-02-13,3330478
FR-OCC,2021-02-14,5845102
FR-OCC,2021-02-24,5845102
FR-OCC,2021-02-12,5845102
FR-OCC,2021-02-06,5845102
FR-OCC,2021-02-23,5845102
FR-OCC,2021-02-13,5845102
FR-OCC,2021-02-20,5845102
FR-PAC,2021-02-23,5030890
FR-PAC,2021-02-14,5030890
FR-PAC,2021-02-06,5030890
FR-PAC,2021-02-20,5030890
FR-PAC,2021-02-12,5030890
FR-PAC,2021-02-13,5030890
FR-PAC,2021-02-24,5030890
FR-PDL,2021-02-24,3757600
FR-PDL,2021-02-06,3757600
FR-PDL,2021-02-14,3757600
FR-PDL,2021-02-20,3757600
FR-PDL,2021-02-12,3757600
FR-PDL,2021-02-23,3757600
FR-PDL,2021-02-13,3757600
FR-RE,2021-02-06,855961
FR-RE,2021-02-13,855961
FR-RE,2021-02-14,855961
FR-RE,2021-02-20,855961
FR-RE,2021-02-23,855961
FR-RE,2021-02-12,855961
FR-RE,2021-02-24,855961
FR-YT,2021-02-24,256518
FR-YT,2021-02-06,256518
FR-YT,2021-02-12,256518
FR-YT,2021-02-23,256518
FR-YT,2021-02-14,256518
FR-YT,2021-02-20,256518
FR-YT,2021-02-13,256518
GB-ENG,2021-02-23,55268100
GB-ENG,2021-02-13,55268100
GB-ENG,2021-02-12,55268100
GB-ENG,2021-02-06,55268100
GB-ENG,2021-02-20,55268100
GB-ENG,2021-02-14,55268100
GB-ENG,2021-02-24,55268100
GB-NIR,2021-02-23,1862100
GB-NIR,2021-02-13,1862100
GB-NIR,2021-02-12,1862100
GB-NIR,2021-02-24,1862100
GB-NIR,2021-02-20,1862100
GB-NIR,2021-02-06,1862100
GB-NIR,2021-02-14,1862100
GB-SCT,2021-02-14,5404700
GB-SCT,2021-02-23,5404700
GB-SCT,2021-02-12,5404700
GB-SCT,2021-02-06,5404700
GB-SCT,2021-02-24,5404700
GB-SCT,2021-02-13,5404700
GB-SCT,2021-02-20,5404700
GB-WLS,2021-02-24,3113000
GB-WLS,2021-02-13,3113000
GB-WLS,2021-02-14,3113000
GB-WLS,2021-02-06,3113000
GB-WLS,2021-02-12,3113000
GB-WLS,2021-02-23,3113000
GB-WLS,2021-02-20,3113000
IN-AN,2021-02-20,356152
IN-AN,2021-02-23,356152
IN-AN,2021-02-12,356152
IN-AN,2021-02-24,356152
IN-AN,2021-02-13,356152
IN-AN,2021-02-06,356152
IN-AN,2021-02-14,356152
IN-AP,2021-02-23,49386799
IN-AP,2021-02-14,49386799
IN-AP,2021-02-12,49386799
IN-AP,2021-02-20,49386799
IN-AP,2021-02-13,49386799
IN-AP,2021-02-06,49386799
IN-AP,2021-02-24,49386799
IN-AR,2021-02-13,1382611
IN-AR,2021-02-06,1382611
IN-AR,2021-02-12,1383727
IN-AR,2021-02-23,1383727
IN-AR,2021-02-06,1383727
IN-AR,2021-02-20,1383727
IN-AR,2021-02-12,1382611
IN-AR,2021-02-14,1382611
IN-AR,2021-02-14,1383727
IN-AR,2021-02-13,1383727
IN-AR,2021-02-24,1383727
IN-AS,2021-02-20,31205576
IN-AS,2021-02-12,31205576
IN-AS,2021-02-13,31205576
IN-AS,2021-02-23,31205576
IN-AS,2021-02-06,31205576
IN-AS,2021-02-14,31205576
IN-AS,2021-02-24,31205576
IN-BR,2021-02-23,104099452
IN-BR,2021-02-06,103804637
IN-BR,2021-02-13,103804637
IN-BR,2021-02-12,103804637
IN-BR,2021-02-20,104099452
IN-BR,2021-02-12,104099452
IN-BR,2021-02-06,104099452
IN-BR,2021-02-14,103804637
IN-BR,2021-02-13,104099452
IN-BR,2021-02-14,104099452
IN-BR,2021-02-24,104099452
IN-CH,2021-02-13,1055450
IN-CH,2021-02-20,1055450
IN-CH,2021-02-14,1055450
IN-CH,2021-02-06,1055450
IN-CH,2021-02-12,1055450
IN-CH,2021-02-23,1055450
IN-CH,2021-02-24,1055450
IN-CT,2021-02-20,25545198
IN-CT,2021-02-14,25545198
IN-CT,2021-02-12,25545198
IN-CT,2021-02-13,25545198
IN-CT,2021-02-24,25545198
IN-CT,2021-02-23,25545198
IN-DD,2021-02-13,243247
IN-DD,2021-02-23,243247
IN-DD,2021-02-06,243247
IN-DD,2021-02-20,243247
IN-DD,2021-02-14,243247
IN-DD,2021-02-12,243247
IN-DD,2021-02-24,243247
IN-DL,2021-02-14,26495000
IN-DL,2021-02-13,26495000
IN-DL,2021-02-06,26495000
IN-DL,2021-02-24,26495000
IN-DL,2021-02-23,26495000
IN-DL,2021-02-12,26495000
IN-DL,2021-02-20,26495000
IN-DN,2021-02-14,343709
IN-DN,2021-02-20,343709
IN-DN,2021-02-12,343709
IN-DN,2021-02-06,343709
IN-DN,2021-02-23,343709
IN-DN,2021-02-13,343709
IN-DN,2021-02-24,343709
IN-GA,2021-02-06,1458545
IN-GA,2021-02-23,1458545
IN-GA,2021-02-14,1458545
IN-GA,2021-02-12,1458545
IN-GA,2021-02-13,1458545
IN-GA,2021-02-20,1458545
IN-GA,2021-02-24,1458545
IN-GJ,2021-02-14,60383628
IN-GJ,2021-02-06,60439692
IN-GJ,2021-02-13,60383628
IN-GJ,2021-02-24,60439692
IN-GJ,2021-02-14,60439692
IN-GJ,2021-02-06,60383628
IN-GJ,2021-02-23,60439692
IN-GJ,2021-02-12,60383628
IN-GJ,2021-02-12,60439692
IN-GJ,2021-02-20,60439692
IN-GJ,2021-02-13,60439692
IN-HP,2021-02-20,6864602
IN-HP,2021-02-13,6864602
IN-HP,2021-02-06,6864602
IN-HP,2021-02-12,6864602
IN-HP,2021-02-14,6864602
IN-HP,2021-02-24,6864602
IN-HP,2021-02-23,6864602
IN-HR,2021-02-24,27761063
IN-HR,2021-02-14,27761063
IN-HR,2021-02-13,27761063
IN-HR,2021-02-23,27761063
IN-HR,2021-02-12,27761063
IN-HR,2021-02-06,27761063
IN-HR,2021-02-20,27761063
IN-JH,2021-02-24,32988134
IN-JH,2021-02-06,32988134
IN-JH,2021-02-20,32988134
IN-JH,2021-02-23,32988134
IN-JH,2021-02-14,32988134
IN-JH,2021-02-13,32988134
IN-JH,2021-02-12,32988134
IN-JK,2021-02-12,12258433
IN-JK,2021-02-23,12258433
IN-JK,2021-02-06,12258433
IN-JK,2021-02-20,12258433
IN-JK,2021-02-24,12258433
IN-JK,2021-02-14,12258433
IN-JK,2021-02-13,12258433
IN-KA,2021-02-12,61130704
IN-KA,2021-02-06,61095297
IN-KA,2021-02-14,61130704
IN-KA,2021-02-06,61130704
IN-KA,2021-02-20,61130704
IN-KA,2021-02-23,61130704
IN-KA,2021-02-24,61130704
IN-KA,2021-02-14,61095297
IN-KA,2021-02-13,61130704
IN-KA,2021-02-13,61095297
IN-KA,2021-02-12,61095297
IN-KL,2021-02-12,34523726
IN-KL,2021-02-06,34523726
IN-KL,2021-02-13,34523726
IN-KL,2021-02-20,34523726
IN-KL,2021-02-14,34523726
IN-KL,2021-02-23,34523726
IN-KL,2021-02-24,34523726
IN-LA,2021-02-12,274289
IN-LA,2021-02-14,274289
IN-LA,2021-02-20,274289
IN-LA,2021-02-13,274289
IN-LA,2021-02-23,274289
IN-LA,2021-02-24,274289
IN-LD,2021-02-14,60595
IN-LD,2021-02-24,60595
IN-LD,2021-02-20,60595
IN-LD,2021-02-12,60595
IN-LD,2021-02-23,60595
IN-LD,2021-02-06,60595
IN-LD,2021-02-13,60595
IN-MH,2021-02-13,112374333
IN-MH,2021-02-06,112374333
IN-MH,2021-02-13,112372972
IN-MH,2021-02-23,112374333
IN-MH,2021-02-20,112374333
IN-MH,2021-02-12,112372972
IN-MH,2021-02-14,112374333
IN-MH,2021-02-12,112374333
IN-MH,2021-02-14,112372972
IN-MH,2021-02-06,112372972
IN-MH,2021-02-24,112374333
IN-ML,2021-02-13,3211000
IN-ML,2021-02-24,3211000
IN-ML,2021-02-12,3211000
IN-ML,2021-02-06,3211000
IN-ML,2021-02-20,3211000
IN-ML,2021-02-23,3211000
IN-ML,2021-02-14,3211000
IN-MN,2021-02-20,2855794
IN-MN,2021-02-23,2855794
IN-MN,2021-02-06,2855794
IN-MN,2021-02-14,2855794
IN-MN,2021-02-13,2855794
IN-MN,2021-02-12,2855794
IN-MN,2021-02-24,2855794
IN-MP,2021-02-20,72626809
IN-MP,2021-02-12,72597565
IN-MP,2021-02-23,72626809
IN-MP,2021-02-06,72626809
IN-MP,2021-02-14,72597565
IN-MP,2021-02-13,72597565
IN-MP,2021-02-13,72626809
IN-MP,2021-02-14,72626809
IN-MP,2021-02-06,72597565
IN-MP,2021-02-24,72626809
IN-MP,2021-02-12,72626809
IN-MZ,2021-02-12,1097206
IN-MZ,2021-02-06,1097206
IN-MZ,2021-02-13,1097206
IN-MZ,2021-02-24,1097206
IN-MZ,2021-02-23,1097206
IN-MZ,2021-02-20,1097206
IN-MZ,2021-02-14,1097206
IN-NL,2021-02-23,1978502
IN-NL,2021-02-12,1978502
IN-NL,2021-02-13,1978502
IN-NL,2021-02-06,1978502
IN-NL,2021-02-14,1978502
IN-NL,2021-02-20,1978502
IN-NL,2021-02-24,1978502
IN-OR,2021-02-24,41974218
IN-OR,2021-02-14,41974218
IN-OR,2021-02-13,41974218
IN-OR,2021-02-23,41974218
IN-OR,2021-02-12,41974218
IN-OR,2021-02-20,41974218
IN-PB,2021-02-23,27743338
IN-PB,2021-02-13,27743338
IN-PB,2021-02-14,27743338
IN-PB,2021-02-06,27743338
IN-PB,2021-02-20,27743338
IN-PB,2021-02-12,27743338
IN-PB,2021-02-24,27743338
IN-PY,2021-02-23,973829
IN-PY,2021-02-14,973829
IN-PY,2021-02-20,973829
IN-PY,2021-02-13,973829
IN-PY,2021-02-12,973829
IN-PY,2021-02-24,973829
IN-PY,2021-02-06,973829
IN-RJ,2021-02-14,68548437
IN-RJ,2021-02-12,68548437
IN-RJ,2021-02-23,68548437
IN-RJ,2021-02-13,68548437
IN-RJ,2021-02-20,68548437
IN-RJ,2021-02-06,68548437
IN-RJ,2021-02-24,68548437
IN-SK,2021-02-06,657876
IN-SK,2021-02-24,657876
IN-SK,2021-02-12,657876
IN-SK,2021-02-23,657876
IN-SK,2021-02-13,657876
IN-SK,2021-02-14,657876
IN-SK,2021-02-20,657876
IN-TG,2021-02-20,35193978
IN-TG,2021-02-12,35193978
IN-TG,2021-02-13,35193978
IN-TG,2021-02-24,35193978
IN-TG,2021-02-23,35193978
IN-TG,2021-02-14,35193978
IN-TN,2021-02-20,72147030
IN-TN,2021-02-13,72147030
IN-TN,2021-02-06,72147030
IN-TN,2021-02-23,72147030
IN-TN,2021-02-12,72147030
IN-TN,2021-02-24,72147030
IN-TN,2021-02-14,72147030
IN-TR,2021-02-06,3673917
IN-TR,2021-02-24,3673917
IN-TR,2021-02-13,3673917
IN-TR,2021-02-14,3673917
IN-TR,2021-02-23,3673917
IN-TR,2021-02-20,3673917
IN-TR,2021-02-12,3673917
IN-UP,2021-02-12,199581477
IN-UP,2021-02-12,199812341
IN-UP,2021-02-06,199581477
IN-UP,2021-02-13,199581477
IN-UP,2021-02-14,199812341
IN-UP,2021-02-13,199812341
IN-UP,2021-02-06,199812341
IN-UP,2021-02-14,199581477
IN-UP,2021-02-23,199812341
IN-UP,2021-02-24,199812341
IN-UP,2021-02-20,199812341
IN-UT,2021-02-24,10086292
IN-UT,2021-02-12,10086292
IN-UT,2021-02-13,10086292
IN-UT,2021-02-20,10086292
IN-UT,2021-02-14,10086292
IN-UT,2021-02-23,10086292
IN-WB,2021-02-12,91276115
IN-WB,2021-02-23,91276115
IN-WB,2021-02-20,91276115
IN-WB,2021-02-14,91276115
IN-WB,2021-02-24,91276115
IN-WB,2021-02-13,91276115
IN-WB,2021-02-06,91276115
IS-1,2021-02-20,233034
IS-2,2021-02-20,21431
IS-2,2021-02-23,21431
IS-2,2021-02-24,21431
IS-3,2021-02-20,16662
IS-4,2021-02-24,6883
IS-4,2021-02-23,6883
IS-4,2021-02-20,6883
IS-5,2021-02-20,7322
"IS-5,IS-6",2021-02-20,37922
IS-6,2021-02-20,30600
"IS-6,IS-7",2021-02-20,37922
IS-7,2021-02-20,15300
IS-7,2021-02-23,15300
IS-7,2021-02-24,15300
IS-8,2021-02-20,23311
IS-8,2021-02-23,23311
IS-8,2021-02-24,23311
IT-21,2021-02-24,4341375
IT-21,2021-02-12,4341375
IT-21,2021-02-14,4341375
IT-21,2021-02-20,4341375
IT-21,2021-02-23,4341375
IT-21,2021-02-06,4341375
IT-21,2021-02-13,4341375
IT-23,2021-02-13,125666
IT-23,2021-02-20,125666
IT-23,2021-02-14,125666
IT-23,2021-02-12,125666
IT-23,2021-02-06,125666
IT-23,2021-02-23,125666
IT-23,2021-02-24,125666
IT-25,2021-02-12,10067494
IT-25,2021-02-20,10067494
IT-25,2021-02-06,10067494
IT-25,2021-02-14,10067494
IT-25,2021-02-13,10067494
IT-25,2021-02-23,10067494
IT-25,2021-02-24,10067494
IT-34,2021-02-23,4905854
IT-34,2021-02-20,4905854
IT-34,2021-02-06,4905854
IT-34,2021-02-12,4905854
IT-34,2021-02-13,4905854
IT-34,2021-02-24,4905854
IT-34,2021-02-14,4905854
IT-36,2021-02-23,1215220
IT-36,2021-02-24,1215220
IT-36,2021-02-13,1215220
IT-36,2021-02-06,1215220
IT-36,2021-02-12,1215220
IT-36,2021-02-20,1215220
IT-36,2021-02-14,1215220
IT-42,2021-02-06,1550640
IT-42,2021-02-20,1550640
IT-42,2021-02-23,1550640
IT-42,2021-02-12,1550640
IT-42,2021-02-13,1550640
IT-42,2021-02-14,1550640
IT-42,2021-02-24,1550640
IT-45,2021-02-24,4459477
IT-45,2021-02-06,4459477
IT-45,2021-02-13,4459477
IT-45,2021-02-20,4459477
IT-45,2021-02-12,4459477
IT-45,2021-02-14,4459477
IT-45,2021-02-23,4459477
IT-52,2021-02-24,3729641
IT-52,2021-02-06,3729641
IT-52,2021-02-13,3729641
IT-52,2021-02-12,3729641
IT-52,2021-02-14,3729641
IT-52,2021-02-23,3729641
IT-52,2021-02-20,3729641
IT-55,2021-02-14,882015
IT-55,2021-02-24,882015
IT-55,2021-02-12,882015
IT-55,2021-02-13,882015
IT-55,2021-02-20,882015
IT-55,2021-02-23,882015
IT-55,2021-02-06,882015
IT-57,2021-02-06,1522608
IT-57,2021-02-13,1522608
IT-57,2021-02-12,1522608
IT-57,2021-02-14,1522608
IT-57,2021-02-23,1522608
IT-57,2021-02-20,1522608
IT-57,2021-02-24,1522608
IT-62,2021-02-13,5879082
IT-62,2021-02-14,5879082
IT-62,2021-02-06,5879082
IT-62,2021-02-20,5879082
IT-62,2021-02-23,5879082
IT-62,2021-02-12,5879082
IT-62,2021-02-24,5879082
IT-65,2021-02-06,1308451
IT-65,2021-02-23,1308451
IT-65,2021-02-20,1308451
IT-65,2021-02-14,1308451
IT-65,2021-02-12,1308451
IT-65,2021-02-24,1308451
IT-65,2021-02-13,1308451
IT-67,2021-02-20,304285
IT-67,2021-02-23,304285
IT-67,2021-02-13,304285
IT-67,2021-02-06,304285
IT-67,2021-02-14,304285
IT-67,2021-02-24,304285
IT-67,2021-02-12,304285
IT-72,2021-02-12,5786373
IT-72,2021-02-23,5786373
IT-72,2021-02-13,5786373
IT-72,2021-02-06,5786373
IT-72,2021-02-14,5786373
IT-72,2021-02-24,5786373
IT-72,2021-02-20,5786373
IT-75,2021-02-20,4029053
IT-75,2021-02-14,4029053
IT-75,2021-02-13,4029053
IT-75,2021-02-12,4029053
IT-75,2021-02-06,4029053
IT-75,2021-02-23,4029053
IT-75,2021-02-24,4029053
IT-77,2021-02-12,562869
IT-77,2021-02-24,562869
IT-77,2021-02-14,562869
IT-77,2021-02-06,562869
IT-77,2021-02-13,562869
IT-77,2021-02-20,562869
IT-77,2021-02-23,562869
IT-78,2021-02-13,1947131
IT-78,2021-02-23,1947131
IT-78,2021-02-12,1947131
IT-78,2021-02-06,1947131
IT-78,2021-02-20,1947131
IT-78,2021-02-14,1947131
IT-78,2021-02-24,1947131
IT-82,2021-02-20,4983478
IT-82,2021-02-06,4983478
IT-82,2021-02-14,4983478
IT-82,2021-02-12,4983478
IT-82,2021-02-13,4983478
IT-82,2021-02-24,4983478
IT-82,2021-02-23,4983478
IT-88,2021-02-13,1639591
IT-88,2021-02-14,1639591
IT-88,2021-02-20,1639591
IT-88,2021-02-23,1639591
IT-88,2021-02-24,1639591
IT-88,2021-02-06,1639591
IT-88,2021-02-12,1639591
IT-BZ,2021-02-14,531178
IT-BZ,2021-02-20,531178
IT-BZ,2021-02-12,531178
IT-BZ,2021-02-23,531178
IT-BZ,2021-02-13,531178
IT-BZ,2021-02-06,531178
IT-BZ,2021-02-24,531178
IT-TN,2021-02-24,541380
IT-TN,2021-02-14,541380
IT-TN,2021-02-12,541380
IT-TN,2021-02-23,541380
IT-TN,2021-02-13,541380
IT-TN,2021-02-20,541380
IT-TN,2021-02-06,541380
LB-AK,2015-06-30,389899
LB-AS,2015-06-30,807204
LB-BA,2014-12-30,361366
LB-BH,2015-06-30,416427
LB-BI,2021-02-24,489900
LB-JA,2021-02-24,542639
LB-JL,2021-02-24,1484500
LB-NA,2021-02-24,345500
NO-03,2021-02-20,693494
NO-03,2021-02-13,693494
NO-03,2021-02-06,693494
NO-03,2021-02-14,693494
NO-03,2021-02-23,693494
NO-03,2021-02-12,693494
NO-03,2021-02-24,693494
NO-11,2021-02-20,475654
NO-11,2021-02-12,475654
NO-11,2021-02-06,475654
NO-11,2021-02-14,475654
NO-11,2021-02-13,475654
NO-11,2021-02-23,475654
NO-11,2021-02-24,475654
NO-15,2021-02-12,265392
NO-15,2021-02-23,265392
NO-15,2021-02-13,265392
NO-15,2021-02-20,265392
NO-15,2021-02-24,265392
NO-15,2021-02-14,265392
NO-15,2021-02-06,265392
NO-18,2021-02-23,243385
NO-18,2021-02-06,243385
NO-18,2021-02-20,243385
NO-18,2021-02-13,243385
NO-18,2021-02-14,243385
NO-18,2021-02-12,243385
NO-18,2021-02-24,243385
NO-30,2021-02-23,1227305
NO-30,2021-02-13,1227305
NO-30,2021-02-12,1227305
NO-30,2021-02-24,1227305
NO-30,2021-02-14,1227305
NO-30,2021-02-20,1227305
NO-30,2021-02-06,1227305
NO-34,2021-02-14,371054
NO-34,2021-02-23,371054
NO-34,2021-02-12,371054
NO-34,2021-02-20,371054
NO-34,2021-02-06,371054
NO-34,2021-02-13,371054
NO-34,2021-02-24,371054
NO-38,2021-02-24,417711
NO-38,2021-02-23,417711
NO-38,2021-02-20,417711
NO-38,2021-02-12,417711
NO-38,2021-02-13,417711
NO-38,2021-02-06,417711
NO-38,2021-02-14,417711
NO-42,2021-02-12,305244
NO-42,2021-02-13,305244
NO-42,2021-02-20,305244
NO-42,2021-02-06,305244
NO-42,2021-02-23,305244
NO-42,2021-02-14,305244
NO-42,2021-02-24,305244
NO-46,2021-02-24,633117
NO-46,2021-02-20,633117
NO-46,2021-02-06,633117
NO-46,2021-02-14,633117
NO-46,2021-02-12,633117
NO-46,2021-02-23,633117
NO-46,2021-02-13,633117
NO-50,2021-02-23,464060
NO-50,2021-02-20,464060
NO-50,2021-02-12,464060
NO-50,2021-02-13,464060
NO-50,2021-02-06,464060
NO-50,2021-02-24,464060
NO-50,2021-02-14,464060
NO-54,2021-02-24,244326
NO-54,2021-02-20,244326
NO-54,2021-02-23,244326
NO-54,2021-02-06,244326
NO-54,2021-02-14,244326
NO-54,2021-02-12,244326
NO-54,2021-02-13,244326
PE-AMA,2021-02-13,379384
PE-AMA,2021-02-24,379384
PE-AMA,2021-02-12,379384
PE-AMA,2021-02-23,379384
PE-AMA,2021-02-20,379384
PE-AMA,2021-02-14,379384
PE-ANC,2021-02-23,1083519
PE-ANC,2021-02-14,1083519
PE-ANC,2021-02-20,1083519
PE-ANC,2021-02-24,1083519
PE-ANC,2021-02-12,1083519
PE-ANC,2021-02-13,1083519
PE-APU,2021-02-23,405759
PE-APU,2021-02-13,405759
PE-APU,2021-02-14,405759
PE-APU,2021-02-12,405759
PE-APU,2021-02-20,405759
PE-APU,2021-02-24,405759
PE-ARE,2021-02-24,1382730
PE-ARE,2021-02-13,1382730
PE-ARE,2021-02-14,1382730
PE-ARE,2021-02-12,1382730
PE-ARE,2021-02-20,1382730
PE-ARE,2021-02-23,1382730
PE-AYA,2021-02-23,616176
PE-AYA,2021-02-24,616176
PE-AYA,2021-02-12,616176
PE-AYA,2021-02-14,616176
PE-AYA,2021-02-20,616176
PE-AYA,2021-02-13,616176
PE-CAJ,2021-02-14,1341012
PE-CAJ,2021-02-20,1341012
PE-CAJ,2021-02-12,1341012
PE-CAJ,2021-02-23,1341012
PE-CAJ,2021-02-13,1341012
PE-CAJ,2021-02-24,1341012
PE-CAL,2021-02-14,1129854
PE-CAL,2021-02-12,1129854
PE-CAL,2021-02-20,1129854
PE-CAL,2021-02-13,1129854
PE-CAL,2021-02-23,1129854
PE-CAL,2021-02-24,1129854
PE-CUS,2021-02-12,1205527
PE-CUS,2021-02-24,1205527
PE-CUS,2021-02-13,1205527
PE-CUS,2021-02-23,1205527
PE-CUS,2021-02-20,1205527
PE-CUS,2021-02-14,1205527
PE-HUC,2021-02-23,721047
PE-HUC,2021-02-14,721047
PE-HUC,2021-02-24,721047
PE-HUC,2021-02-20,721047
PE-HUC,2021-02-13,721047
PE-HUC,2021-02-12,721047
PE-HUV,2021-02-20,347639
PE-HUV,2021-02-14,347639
PE-HUV,2021-02-24,347639
PE-HUV,2021-02-12,347639
PE-HUV,2021-02-13,347639
PE-HUV,2021-02-23,347639
PE-ICA,2021-02-24,850765
PE-ICA,2021-02-12,850765
PE-ICA,2021-02-23,850765
PE-ICA,2021-02-20,850765
PE-ICA,2021-02-14,850765
PE-ICA,2021-02-13,850765
PE-JUN,2021-02-23,1246038
PE-JUN,2021-02-12,1246038
PE-JUN,2021-02-14,1246038
PE-JUN,2021-02-13,1246038
PE-JUN,2021-02-20,1246038
PE-JUN,2021-02-24,1246038
PE-LAL,2021-02-24,1778080
PE-LAL,2021-02-14,1778080
PE-LAL,2021-02-12,1778080
PE-LAL,2021-02-13,1778080
PE-LAL,2021-02-20,1778080
PE-LAL,2021-02-23,1778080
PE-LAM,2021-02-23,1197260
PE-LAM,2021-02-24,1197260
PE-LAM,2021-02-12,1197260
PE-LAM,2021-02-20,1197260
PE-LAM,2021-02-14,1197260
PE-LAM,2021-02-13,1197260
PE-LIM,2021-02-24,9485405
PE-LIM,2021-02-14,9485405
PE-LIM,2021-02-12,9485405
PE-LIM,2021-02-20,9485405
PE-LIM,2021-02-23,9485405
PE-LIM,2021-02-13,9485405
PE-LOR,2021-02-23,883510
PE-LOR,2021-02-13,883510
PE-LOR,2021-02-24,883510
PE-LOR,2021-02-20,883510
PE-LOR,2021-02-12,883510
PE-LOR,2021-02-14,883510
PE-MDD,2021-02-12,141070
PE-MDD,2021-02-14,141070
PE-MDD,2021-02-24,141070
PE-MDD,2021-02-13,141070
PE-MDD,2021-02-20,141070
PE-MDD,2021-02-23,141070
PE-MOQ,2021-02-12,174863
PE-MOQ,2021-02-23,174863
PE-MOQ,2021-02-14,174863
PE-MOQ,2021-02-20,174863
PE-MOQ,2021-02-24,174863
PE-MOQ,2021-02-13,174863
PE-PAS,2021-02-14,254065
PE-PAS,2021-02-13,254065
PE-PAS,2021-02-20,254065
PE-PAS,2021-02-23,254065
PE-PAS,2021-02-12,254065
PE-PAS,2021-02-24,254065
PE-PIU,2021-02-13,1856809
PE-PIU,2021-02-24,1856809
PE-PIU,2021-02-12,1856809
PE-PIU,2021-02-20,1856809
PE-PIU,2021-02-23,1856809
PE-PIU,2021-02-14,1856809
PE-PUN,2021-02-13,1172697
PE-PUN,2021-02-20,1172697
PE-PUN,2021-02-24,1172697
PE-PUN,2021-02-14,1172697
PE-PUN,2021-02-12,1172697
PE-PUN,2021-02-23,1172697
PE-SAM,2021-02-20,813381
PE-SAM,2021-02-12,813381
PE-SAM,2021-02-14,813381
PE-SAM,2021-02-24,813381
PE-SAM,2021-02-13,813381
PE-SAM,2021-02-23,813381
PE-TAC,2021-02-13,329332
PE-TAC,2021-02-12,329332
PE-TAC,2021-02-14,329332
PE-TAC,2021-02-23,329332
PE-TAC,2021-02-20,329332
PE-TAC,2021-02-24,329332
PE-TUM,2021-02-24,224863
PE-TUM,2021-02-23,224863
PE-TUM,2021-02-20,224863
PE-TUM,2021-02-14,224863
PE-TUM,2021-02-13,224863
PE-TUM,2021-02-12,224863
PE-UCA,2021-02-24,496459
PE-UCA,2021-02-20,496459
PE-UCA,2021-02-13,496459
PE-UCA,2021-02-14,496459
PE-UCA,2021-02-23,496459
PE-UCA,2021-02-12,496459
PL-02,2021-02-06,2915245
PL-02,2021-02-13,2915245
PL-02,2021-02-23,2915245
PL-02,2021-02-24,2915245
PL-02,2021-02-14,2915245
PL-02,2021-02-20,2915245
PL-02,2021-02-12,2915245
PL-04,2021-02-24,2090836
PL-04,2021-02-06,2090836
PL-04,2021-02-20,2090836
PL-04,2021-02-12,2090836
PL-04,2021-02-23,2090836
PL-04,2021-02-13,2090836
PL-04,2021-02-14,2090836
PL-06,2021-02-24,2151836
PL-06,2021-02-23,2151836
PL-06,2021-02-20,2151836
PL-06,2021-02-14,2151836
PL-06,2021-02-06,2151836
PL-06,2021-02-13,2151836
PL-06,2021-02-12,2151836
PL-08,2021-02-06,1020767
PL-08,2021-02-24,1020767
PL-08,2021-02-12,1020767
PL-08,2021-02-13,1020767
PL-08,2021-02-14,1020767
PL-08,2021-02-20,1020767
PL-08,2021-02-23,1020767
PL-10,2021-02-12,2508464
PL-10,2021-02-23,2508464
PL-10,2021-02-20,2508464
PL-10,2021-02-13,2508464
PL-10,2021-02-14,2508464
PL-10,2021-02-06,2508464
PL-10,2021-02-24,2508464
PL-12,2021-02-24,3360581
PL-12,2021-02-06,3360581
PL-12,2021-02-14,3360581
PL-12,2021-02-20,3360581
PL-12,2021-02-23,3360581
PL-12,2021-02-13,3360581
PL-12,2021-02-12,3360581
PL-14,2021-02-14,5492000
PL-14,2021-02-13,5492000
PL-14,2021-02-12,5492000
PL-14,2021-02-06,5492000
PL-14,2021-02-20,5492000
PL-14,2021-02-23,5492000
PL-14,2021-02-24,5492000
PL-16,2021-02-24,990069
PL-16,2021-02-13,990069
PL-16,2021-02-14,990069
PL-16,2021-02-23,990069
PL-16,2021-02-06,990069
PL-16,2021-02-20,990069
PL-16,2021-02-12,990069
PL-18,2021-02-24,2129284
PL-18,2021-02-06,2129284
PL-18,2021-02-12,2129284
PL-18,2021-02-13,2129284
PL-18,2021-02-23,2129284
PL-18,2021-02-14,2129284
PL-18,2021-02-20,2129284
PL-20,2021-02-06,1193348
PL-20,2021-02-24,1193348
PL-20,2021-02-13,1193348
PL-20,2021-02-12,1193348
PL-20,2021-02-20,1193348
PL-20,2021-02-14,1193348
PL-20,2021-02-23,1193348
PL-22,2021-02-14,2290070
PL-22,2021-02-12,2290070
PL-22,2021-02-24,2290070
PL-22,2021-02-13,2290070
PL-22,2021-02-23,2290070
PL-22,2021-02-06,2290070
PL-22,2021-02-20,2290070
PL-24,2021-02-06,4617000
PL-26,2021-02-24,1241546
PL-26,2021-02-23,1241546
PL-26,2021-02-13,1241546
PL-26,2021-02-06,1241546
PL-26,2021-02-12,1241546
PL-26,2021-02-20,1241546
PL-26,2021-02-14,1241546
PL-28,2021-02-20,1437812
PL-28,2021-02-13,1437812
PL-28,2021-02-14,1437812
PL-28,2021-02-06,1437812
PL-28,2021-02-12,1437812
PL-28,2021-02-24,1437812
PL-28,2021-02-23,1437812
PL-30,2021-02-23,3495470
PL-30,2021-02-14,3495470
PL-30,2021-02-06,3495470
PL-30,2021-02-12,3495470
PL-30,2021-02-20,3495470
PL-30,2021-02-24,3495470
PL-30,2021-02-13,3495470
PL-32,2021-02-24,1698344
PL-32,2021-02-14,1698344
PL-32,2021-02-12,1698344
PL-32,2021-02-13,1698344
PL-32,2021-02-20,1698344
PL-32,2021-02-06,1698344
PL-32,2021-02-23,1698344
SE-AB,2021-02-24,2391990
SE-AB,2021-02-06,2389923
SE-AB,2021-02-12,2389923
SE-AB,2021-02-20,2389923
SE-AB,2021-02-14,2389923
SE-AB,2021-02-13,2389923
SE-AB,2021-02-23,2391990
SE-AC,2021-02-13,273061
SE-AC,2021-02-06,273061
SE-AC,2021-02-12,273061
SE-AC,2021-02-23,273192
SE-AC,2021-02-20,273061
SE-AC,2021-02-24,273192
SE-AC,2021-02-14,273061
SE-BD,2021-02-06,249768
SE-BD,2021-02-13,249768
SE-BD,2021-02-14,249768
SE-BD,2021-02-20,249768
SE-BD,2021-02-23,249614
SE-BD,2021-02-24,249614
SE-BD,2021-02-12,249768
SE-C,2021-02-06,387628
SE-C,2021-02-12,387628
SE-C,2021-02-20,387628
SE-C,2021-02-13,387628
SE-C,2021-02-14,387628
SE-C,2021-02-23,388394
SE-C,2021-02-24,388394
SE-D,2021-02-23,299401
SE-D,2021-02-24,299401
SE-D,2021-02-06,299101
SE-D,2021-02-20,299101
SE-D,2021-02-12,299101
SE-D,2021-02-14,299101
SE-D,2021-02-13,299101
SE-E,2021-02-13,467095
SE-E,2021-02-14,467095
SE-E,2021-02-24,467158
SE-E,2021-02-06,467095
SE-E,2021-02-20,467095
SE-E,2021-02-12,467095
SE-E,2021-02-23,467158
SE-F,2021-02-20,364750
SE-F,2021-02-06,364750
SE-F,2021-02-12,364750
SE-F,2021-02-23,365010
SE-F,2021-02-14,364750
SE-F,2021-02-13,364750
SE-F,2021-02-24,365010
SE-G,2021-02-14,202163
SE-G,2021-02-24,202263
SE-G,2021-02-06,202163
SE-G,2021-02-12,202163
SE-G,2021-02-20,202163
SE-G,2021-02-13,202163
SE-G,2021-02-23,202263
SE-H,2021-02-13,245992
SE-H,2021-02-14,245992
SE-H,2021-02-06,245992
SE-H,2021-02-23,246010
SE-H,2021-02-24,246010
SE-H,2021-02-20,245992
SE-H,2021-02-12,245992
SE-I,2021-02-13,60106
SE-I,2021-02-23,60124
SE-I,2021-02-12,60106
SE-I,2021-02-20,60106
SE-I,2021-02-06,60106
SE-I,2021-02-24,60124
SE-I,2021-02-14,60106
SE-K,2021-02-06,159349
SE-K,2021-02-24,159056
SE-K,2021-02-12,159349
SE-K,2021-02-14,159349
SE-K,2021-02-20,159349
SE-K,2021-02-23,159056
SE-K,2021-02-13,159349
SE-M,2021-02-24,1389336
SE-M,2021-02-20,1387650
SE-M,2021-02-13,1387650
SE-M,2021-02-12,1387650
SE-M,2021-02-14,1387650
SE-M,2021-02-06,1387650
SE-M,2021-02-23,1389336
SE-N,2021-02-24,336748
SE-N,2021-02-12,336132
SE-N,2021-02-06,336132
SE-N,2021-02-13,336132
SE-N,2021-02-20,336132
SE-N,2021-02-14,336132
SE-N,2021-02-23,336748
SE-O,2021-02-24,1734443
SE-O,2021-02-12,1733574
SE-O,2021-02-06,1733574
SE-O,2021-02-23,1734443
SE-O,2021-02-20,1733574
SE-O,2021-02-13,1733574
SE-O,2021-02-14,1733574
SE-S,2021-02-20,282840
SE-S,2021-02-12,282840
SE-S,2021-02-23,282885
SE-S,2021-02-13,282840
SE-S,2021-02-24,282885
SE-S,2021-02-14,282840
SE-S,2021-02-06,282840
SE-T,2021-02-24,305643
SE-T,2021-02-20,305726
SE-T,2021-02-23,305643
SE-T,2021-02-13,305726
SE-T,2021-02-14,305726
SE-T,2021-02-06,305726
SE-T,2021-02-12,305726
SE-U,2021-02-13,277074
SE-U,2021-02-12,277074
SE-U,2021-02-06,277074
SE-U,2021-02-14,277074
SE-U,2021-02-20,277074
SE-U,2021-02-23,277141
SE-U,2021-02-24,277141
SE-W,2021-02-13,287806
SE-W,2021-02-20,287806
SE-W,2021-02-14,287806
SE-W,2021-02-24,287676
SE-W,2021-02-06,287806
SE-W,2021-02-12,287806
SE-W,2021-02-23,287676
SE-X,2021-02-23,287502
SE-X,2021-02-06,287660
SE-X,2021-02-14,287660
SE-X,2021-02-12,287660
SE-X,2021-02-24,287502
SE-X,2021-02-13,287660
SE-X,2021-02-20,287660
SE-Y,2021-02-14,244855
SE-Y,2021-02-23,244554
SE-Y,2021-02-06,244855
SE-Y,2021-02-12,244855
SE-Y,2021-02-20,244855
SE-Y,2021-02-24,244554
SE-Y,2021-02-13,244855
SE-Z,2021-02-23,131155
SE-Z,2021-02-14,130972
SE-Z,2021-02-13,130972
SE-Z,2021-02-06,130972
SE-Z,2021-02-20,130972
SE-Z,2021-02-24,131155
SE-Z,2021-02-12,130972
SK-BC,2021-02-23,649788
SK-BC,2021-02-24,649788
SK-BC,2021-02-12,649788
SK-BC,2021-02-13,649788
SK-BC,2021-02-14,649788
SK-BC,2021-02-20,649788
SK-BC,2021-02-06,649788
SK-BL,2021-02-14,650838
SK-BL,2021-02-13,650838
SK-BL,2021-02-23,650838
SK-BL,2021-02-24,650838
SK-BL,2021-02-20,650838
SK-BL,2021-02-06,650838
SK-BL,2021-02-12,650838
SK-KI,2021-02-06,799217
SK-KI,2021-02-13,799217
SK-KI,2021-02-12,799217
SK-KI,2021-02-14,799217
SK-KI,2021-02-20,799217
SK-KI,2021-02-23,799217
SK-KI,2021-02-24,799217
SK-NI,2021-02-24,678692
SK-NI,2021-02-13,678692
SK-NI,2021-02-06,678692
SK-NI,2021-02-23,678692
SK-NI,2021-02-14,678692
SK-NI,2021-02-12,678692
SK-NI,2021-02-20,678692
SK-PV,2021-02-24,822946
SK-PV,2021-02-06,822946
SK-PV,2021-02-14,822946
SK-PV,2021-02-13,822946
SK-PV,2021-02-20,822946
SK-PV,2021-02-12,822946
SK-PV,2021-02-23,822946
SK-TA,2021-02-06,562372
SK-TA,2021-02-20,562372
SK-TA,2021-02-13,562372
SK-TA,2021-02-14,562372
SK-TA,2021-02-12,562372
SK-TA,2021-02-24,562372
SK-TA,2021-02-23,562372
SK-TC,2021-02-24,587364
SK-TC,2021-02-06,587364
SK-TC,2021-02-23,587364
SK-TC,2021-02-13,587364
SK-TC,2021-02-20,587364
SK-TC,2021-02-12,587364
SK-TC,2021-02-14,587364
SK-ZI,2021-02-12,691023
SK-ZI,2021-02-13,691023
SK-ZI,2021-02-06,691023
SK-ZI,2021-02-14,691023
SK-ZI,2021-02-23,691023
SK-ZI,2021-02-20,691023
SK-ZI,2021-02-24,691023
TR-01,2021-02-24,2220125
TR-01,2021-02-23,2220125
TR-01,2021-02-20,2220125
TR-02,2021-02-24,624513
TR-02,2021-02-20,624513
TR-02,2021-02-23,624513
TR-03,2021-02-24,725568
TR-03,2021-02-20,725568
TR-03,2021-02-23,725568
TR-04,2021-02-20,539657
TR-04,2021-02-24,539657
TR-04,2021-02-23,539657
TR-05,2021-02-20,337508
TR-05,2021-02-23,337508
TR-05,2021-02-24,337508
TR-06,2021-02-23,5503985
TR-06,2021-02-20,5503985
TR-06,2021-02-24,5503985
TR-07,2021-02-24,2426356
TR-07,2021-02-23,2426356
TR-07,2021-02-20,2426356
TR-08,2021-02-23,174010
TR-08,2021-02-20,174010
TR-08,2021-02-24,174010
TR-09,2021-02-24,1097746
TR-09,2021-02-23,1097746
TR-09,2021-02-20,1097746
TR-10,2021-02-23,1226575
TR-10,2021-02-20,1226575
TR-10,2021-02-24,1226575
TR-11,2021-02-23,223448
TR-11,2021-02-24,223448
TR-11,2021-02-20,223448
TR-12,2021-02-24,281205
TR-12,2021-02-23,281205
TR-12,2021-02-20,281205
TR-13,2021-02-20,349396
TR-13,2021-02-24,349396
TR-13,2021-02-23,349396
TR-14,2021-02-20,311810
TR-14,2021-02-23,311810
TR-14,2021-02-24,311810
TR-15,2021-02-20,269926
TR-15,2021-02-23,269926
TR-15,2021-02-24,269926
TR-16,2021-02-24,2994521
TR-16,2021-02-20,2994521
TR-16,2021-02-23,2994521
TR-17,2021-02-24,540662
TR-17,2021-02-20,540662
TR-17,2021-02-23,540662
TR-18,2021-02-24,216362
TR-18,2021-02-23,216362
TR-18,2021-02-20,216362
TR-19,2021-02-20,536483
TR-19,2021-02-23,536483
TR-19,2021-02-24,536483
TR-20,2021-02-20,1027782
TR-20,2021-02-23,1027782
TR-20,2021-02-24,1027782
TR-21,2021-02-23,1732396
TR-21,2021-02-20,1732396
TR-21,2021-02-24,1732396
TR-22,2021-02-20,411528
TR-22,2021-02-23,411528
TR-22,2021-02-24,411528
TR-23,2021-02-20,595638
TR-23,2021-02-23,595638
TR-23,2021-02-24,595638
TR-24,2021-02-24,236034
TR-24,2021-02-20,236034
TR-24,2021-02-23,236034
TR-25,2021-02-24,767848
TR-25,2021-02-23,767848
TR-25,2021-02-20,767848
TR-26,2021-02-20,871187
TR-26,2021-02-23,871187
TR-26,2021-02-24,871187
TR-27,2021-02-20,2028563
TR-27,2021-02-23,2028563
TR-27,2021-02-24,2028563
TR-28,2021-02-24,453912
TR-28,2021-02-23,453912
TR-28,2021-02-20,453912
TR-29,2021-02-23,162748
TR-29,2021-02-20,162748
TR-29,2021-02-24,162748
TR-30,2021-02-24,286470
TR-30,2021-02-20,286470
TR-30,2021-02-23,286470
TR-31,2021-02-20,1609856
TR-31,2021-02-23,1609856
TR-31,2021-02-24,1609856
TR-32,2021-02-24,441412
TR-32,2021-02-23,441412
TR-32,2021-02-20,441412
TR-33,2021-02-24,1814468
TR-33,2021-02-20,1814468
TR-33,2021-02-23,1814468
TR-34,2021-02-24,15067724
TR-34,2021-02-23,15067724
TR-34,2021-02-20,15067724
TR-35,2021-02-24,4320519
TR-35,2021-02-23,4320519
TR-35,2021-02-20,4320519
TR-36,2021-02-23,288878
TR-36,2021-02-20,288878
TR-36,2021-02-24,288878
TR-37,2021-02-23,383373
TR-37,2021-02-24,383373
TR-37,2021-02-20,383373
TR-38,2021-02-20,1389680
TR-38,2021-02-23,1389680
TR-38,2021-02-24,1389680
TR-39,2021-02-20,360860
TR-39,2021-02-23,360860
TR-39,2021-02-24,360860
TR-40,2021-02-24,241868
TR-40,2021-02-20,241868
TR-40,2021-02-23,241868
TR-41,2021-02-24,1953035
TR-41,2021-02-23,1953035
TR-41,2021-02-20,1953035
TR-42,2021-02-20,2205609
TR-42,2021-02-23,2205609
TR-42,2021-02-24,2205609
TR-43,2021-02-20,577941
TR-43,2021-02-23,577941
TR-43,2021-02-24,577941
TR-44,2021-02-20,797036
TR-44,2021-02-23,797036
TR-44,2021-02-24,797036
TR-45,2021-02-24,1429643
TR-45,2021-02-23,1429643
TR-45,2021-02-20,1429643
TR-46,2021-02-23,1144851
TR-46,2021-02-24,1144851
TR-46,2021-02-20,1144851
TR-47,2021-02-20,829195
TR-47,2021-02-23,829195
TR-47,2021-02-24,829195
TR-48,2021-02-20,967487
TR-48,2021-02-23,967487
TR-48,2021-02-24,967487
TR-49,2021-02-23,407992
TR-49,2021-02-20,407992
TR-49,2021-02-24,407992
TR-50,2021-02-24,298339
TR-50,2021-02-20,298339
TR-50,2021-02-23,298339
TR-51,2021-02-23,364707
TR-51,2021-02-24,364707
TR-51,2021-02-20,364707
TR-52,2021-02-20,771932
TR-52,2021-02-24,771932
TR-52,2021-02-23,771932
TR-53,2021-02-20,348608
TR-53,2021-02-23,348608
TR-53,2021-02-24,348608
TR-54,2021-02-24,1010700
TR-54,2021-02-20,1010700
TR-54,2021-02-23,1010700
TR-55,2021-02-23,1335716
TR-55,2021-02-24,1335716
TR-55,2021-02-20,1335716
TR-56,2021-02-23,331670
TR-56,2021-02-20,331670
TR-56,2021-02-24,331670
TR-57,2021-02-24,219733
TR-57,2021-02-23,219733
TR-57,2021-02-20,219733
TR-58,2021-02-23,646608
TR-58,2021-02-20,646608
TR-58,2021-02-24,646608
TR-59,2021-02-20,1029927
TR-59,2021-02-23,1029927
TR-59,2021-02-24,1029927
TR-60,2021-02-24,612646
TR-60,2021-02-23,612646
TR-60,2021-02-20,612646
TR-61,2021-02-24,807903
TR-61,2021-02-23,807903
TR-61,2021-02-20,807903
TR-62,2021-02-24,88198
TR-62,2021-02-23,88198
TR-62,2021-02-20,88198
TR-63,2021-02-24,2035809
TR-63,2021-02-23,2035809
TR-63,2021-02-20,2035809
TR-64,2021-02-23,367514
TR-64,2021-02-20,367514
TR-64,2021-02-24,367514
TR-65,2021-02-24,1123784
TR-65,2021-02-23,1123784
TR-65,2021-02-20,1123784
TR-66,2021-02-24,424981
TR-66,2021-02-20,424981
TR-66,2021-02-23,424981
TR-67,2021-02-24,599698
TR-67,2021-02-23,599698
TR-67,2021-02-20,599698
TR-68,2021-02-20,412172
TR-68,2021-02-23,412172
TR-68,2021-02-24,412172
TR-69,2021-02-23,82274
TR-69,2021-02-20,82274
TR-69,2021-02-24,82274
TR-70,2021-02-24,251913
TR-70,2021-02-23,251913
TR-70,2021-02-20,251913
TR-71,2021-02-24,286602
TR-71,2021-02-20,286602
TR-71,2021-02-23,286602
TR-72,2021-02-24,599103
TR-72,2021-02-23,599103
TR-72,2021-02-20,599103
TR-73,2021-02-23,524190
TR-73,2021-02-20,524190
TR-73,2021-02-24,524190
TR-74,2021-02-23,198999
TR-74,2021-02-20,198999
TR-74,2021-02-24,198999
TR-75,2021-02-24,98907
TR-75,2021-02-20,98907
TR-75,2021-02-23,98907
TR-76,2021-02-24,197456
TR-76,2021-02-20,197456
TR-76,2021-02-23,197456
TR-77,2021-02-23,262234
TR-77,2021-02-20,262234
TR-77,2021-02-24,262234
TR-78,2021-02-23,248014
TR-78,2021-02-20,248014
TR-78,2021-02-24,248014
TR-79,2021-02-24,142541
TR-79,2021-02-20,142541
TR-79,2021-02-23,142541
TR-80,2021-02-20,534415
TR-80,2021-02-24,534415
TR-80,2021-02-23,534415
TR-81,2021-02-20,387844
TR-81,2021-02-24,387844
TR-81,2021-02-23,387844
US-AK,2021-02-13,738432
US-AK,2021-02-14,738432
US-AK,2021-02-12,738432
US-AK,2021-02-23,738432
US-AK,2021-02-06,738432
US-AK,2021-02-20,738432
US-AK,2021-02-24,738432
US-AL,2021-02-24,4858979
US-AL,2021-02-06,4858979
US-AL,2021-02-14,4858979
US-AL,2021-02-20,4858979
US-AL,2021-02-12,4858979
US-AL,2021-02-13,4858979
US-AL,2021-02-23,4858979
US-AR,2021-02-06,2978204
US-AR,2021-02-24,2978204
US-AR,2021-02-14,2978204
US-AR,2021-02-23,2978204
US-AR,2021-02-12,2978204
US-AR,2021-02-20,2978204
US-AR,2021-02-13,2978204
US-AS,2021-02-24,55689
US-AS,2021-02-20,55689
US-AS,2021-02-06,55689
US-AS,2021-02-13,55689
US-AS,2021-02-14,55689
US-AS,2021-02-12,55689
US-AS,2021-02-23,55689
US-AZ,2021-02-23,6828065
US-AZ,2021-02-20,6828065
US-AZ,2021-02-13,6828065
US-AZ,2021-02-12,6828065
US-AZ,2021-02-06,6828065
US-AZ,2021-02-14,6828065
US-AZ,2021-02-24,6828065
US-CA,2021-02-13,39250017
US-CA,2021-02-14,39250017
US-CA,2021-02-24,39250017
US-CA,2021-02-06,39250017
US-CA,2021-02-23,39250017
US-CA,2021-02-12,39250017
US-CA,2021-02-20,39250017
US-CO,2021-02-13,5456574
US-CO,2021-02-06,5456574
US-CO,2021-02-12,5456574
US-CO,2021-02-23,5456574
US-CO,2021-02-14,5456574
US-CO,2021-02-24,5456574
US-CO,2021-02-20,5456574
US-CT,2021-02-24,3590886
US-CT,2021-02-20,3590886
US-CT,2021-02-13,3590886
US-CT,2021-02-14,3590886
US-CT,2021-02-12,3590886
US-CT,2021-02-23,3590886
US-CT,2021-02-06,3590886
US-DC,2021-02-06,672228
US-DC,2021-02-12,672228
US-DC,2021-02-20,672228
US-DC,2021-02-14,672228
US-DC,2021-02-23,672228
US-DC,2021-02-24,672228
US-DC,2021-02-13,672228
US-DE,2021-02-24,945934
US-DE,2021-02-06,945934
US-DE,2021-02-23,945934
US-DE,2021-02-20,945934
US-DE,2021-02-14,945934
US-DE,2021-02-13,945934
US-DE,2021-02-12,945934
US-FL,2021-02-13,20271272
US-FL,2021-02-12,20271272
US-FL,2021-02-06,20271272
US-FL,2021-02-14,20271272
US-FL,2021-02-23,20271272
US-FL,2021-02-20,20271272
US-FL,2021-02-24,20271272
US-GA,2021-02-14,10214860
US-GA,2021-02-23,10214860
US-GA,2021-02-12,10214860
US-GA,2021-02-13,10214860
US-GA,2021-02-24,10214860
US-GA,2021-02-06,10214860
US-GA,2021-02-20,10214860
US-GU,2021-02-24,167772
US-GU,2021-02-23,167772
US-GU,2021-02-20,167772
US-GU,2021-02-06,167772
US-GU,2021-02-13,167772
US-GU,2021-02-12,167772
US-GU,2021-02-14,167772
US-HI,2021-02-06,1431603
US-HI,2021-02-14,1431603
US-HI,2021-02-13,1431603
US-HI,2021-02-23,1431603
US-HI,2021-02-20,1431603
US-HI,2021-02-12,1431603
US-HI,2021-02-24,1431603
US-IA,2021-02-14,3123899
US-IA,2021-02-24,3123899
US-IA,2021-02-12,3123899
US-IA,2021-02-23,3123899
US-IA,2021-02-20,3123899
US-IA,2021-02-06,3123899
US-IA,2021-02-13,3123899
US-ID,2021-02-14,1654930
US-ID,2021-02-24,1654930
US-ID,2021-02-20,1654930
US-ID,2021-02-23,1654930
US-ID,2021-02-06,1654930
US-ID,2021-02-12,1654930
US-ID,2021-02-13,1654930
US-IL,2021-02-13,12859995
US-IL,2021-02-14,12859995
US-IL,2021-02-06,12859995
US-IL,2021-02-12,12859995
US-IL,2021-02-23,12859995
US-IL,2021-02-20,12859995
US-IL,2021-02-24,12859995
US-IN,2021-02-14,6619680
US-IN,2021-02-06,6619680
US-IN,2021-02-13,6619680
US-IN,2021-02-12,6619680
US-IN,2021-02-20,6619680
US-IN,2021-02-23,6619680
US-IN,2021-02-24,6619680
US-KS,2021-02-12,2911641
US-KS,2021-02-23,2911641
US-KS,2021-02-20,2911641
US-KS,2021-02-06,2911641
US-KS,2021-02-14,2911641
US-KS,2021-02-24,2911641
US-KS,2021-02-13,2911641
US-KY,2021-02-13,4425092
US-KY,2021-02-12,4425092
US-KY,2021-02-14,4425092
US-KY,2021-02-20,4425092
US-KY,2021-02-24,4425092
US-KY,2021-02-23,4425092
US-KY,2021-02-06,4425092
US-LA,2021-02-24,4670724
US-LA,2021-02-23,4670724
US-LA,2021-02-13,4670724
US-LA,2021-02-06,4670724
US-LA,2021-02-12,4670724
US-LA,2021-02-14,4670724
US-LA,2021-02-20,4670724
US-MA,2021-02-23,6794422
US-MA,2021-02-20,6794422
US-MA,2021-02-24,6794422
US-MA,2021-02-14,6794422
US-MA,2021-02-06,6794422
US-MA,2021-02-12,6794422
US-MA,2021-02-13,6794422
US-MD,2021-02-23,6006401
US-MD,2021-02-13,6006401
US-MD,2021-02-20,6006401
US-MD,2021-02-14,6006401
US-MD,2021-02-06,6006401
US-MD,2021-02-12,6006401
US-MD,2021-02-24,6006401
US-ME,2021-02-14,1329328
US-ME,2021-02-13,1329328
US-ME,2021-02-23,1329328
US-ME,2021-02-12,1329328
US-ME,2021-02-20,1329328
US-ME,2021-02-06,1329328
US-ME,2021-02-24,1329328
US-MI,2021-02-24,9922576
US-MI,2021-02-14,9922576
US-MI,2021-02-06,9922576
US-MI,2021-02-20,9922576
US-MI,2021-02-12,9922576
US-MI,2021-02-23,9922576
US-MI,2021-02-13,9922576
US-MN,2021-02-13,5489594
US-MN,2021-02-23,5489594
US-MN,2021-02-12,5489594
US-MN,2021-02-20,5489594
US-MN,2021-02-24,5489594
US-MN,2021-02-14,5489594
US-MN,2021-02-06,5489594
US-MO,2021-02-24,6083672
US-MO,2021-02-12,6083672
US-MO,2021-02-14,6083672
US-MO,2021-02-23,6083672
US-MO,2021-02-13,6083672
US-MO,2021-02-20,6083672
US-MO,2021-02-06,6083672
US-MP,2021-02-13,55144
US-MP,2021-02-23,55144
US-MP,2021-02-12,55144
US-MP,2021-02-14,55144
US-MP,2021-02-20,55144
US-MP,2021-02-24,55144
US-MP,2021-02-06,55144
US-MS,2021-02-12,2992333
US-MS,2021-02-14,2992333
US-MS,2021-02-13,2992333
US-MS,2021-02-06,2992333
US-MS,2021-02-23,2992333
US-MS,2021-02-20,2992333
US-MS,2021-02-24,2992333
US-MT,2021-02-06,1032949
US-MT,2021-02-14,1032949
US-MT,2021-02-23,1032949
US-MT,2021-02-12,1032949
US-MT,2021-02-13,1032949
US-MT,2021-02-20,1032949
US-MT,2021-02-24,1032949
US-NC,2021-02-06,10383620
US-NC,2021-02-23,10383620
US-NC,2021-02-12,10383620
US-NC,2021-02-14,10383620
US-NC,2021-02-20,10383620
US-NC,2021-02-24,10383620
US-NC,2021-02-13,10383620
US-ND,2021-02-12,756927
US-ND,2021-02-13,756927
US-ND,2021-02-24,756927
US-ND,2021-02-20,756927
US-ND,2021-02-14,756927
US-ND,2021-02-23,756927
US-ND,2021-02-06,756927
US-NE,2021-02-24,1896190
US-NE,2021-02-14,1896190
US-NE,2021-02-20,1896190
US-NE,2021-02-12,1896190
US-NE,2021-02-13,1896190
US-NE,2021-02-06,1896190
US-NE,2021-02-23,1896190
US-NH,2021-02-12,1330608
US-NH,2021-02-20,1330608
US-NH,2021-02-13,1330608
US-NH,2021-02-23,1330608
US-NH,2021-02-06,1330608
US-NH,2021-02-24,1330608
US-NH,2021-02-14,1330608
US-NJ,2021-02-13,8944469
US-NJ,2021-02-06,8944469
US-NJ,2021-02-20,8944469
US-NJ,2021-02-14,8944469
US-NJ,2021-02-23,8944469
US-NJ,2021-02-12,8944469
US-NJ,2021-02-24,8944469
US-NM,2021-02-14,2085109
US-NM,2021-02-13,2085109
US-NM,2021-02-20,2085109
US-NM,2021-02-23,2085109
US-NM,2021-02-12,2085109
US-NM,2021-02-06,2085109
US-NM,2021-02-24,2085109
US-NV,2021-02-13,2890845
US-NV,2021-02-14,2890845
US-NV,2021-02-24,2890845
US-NV,2021-02-12,2890845
US-NV,2021-02-23,2890845
US-NV,2021-02-20,2890845
US-NV,2021-02-06,2890845
US-NY,2021-02-23,19795791
US-NY,2021-02-06,19795791
US-NY,2021-02-13,19795791
US-NY,2021-02-14,19795791
US-NY,2021-02-12,19795791
US-NY,2021-02-20,19795791
US-NY,2021-02-24,19795791
US-OH,2021-02-13,11613423
US-OH,2021-02-23,11613423
US-OH,2021-02-24,11613423
US-OH,2021-02-12,11613423
US-OH,2021-02-14,11613423
US-OH,2021-02-06,11613423
US-OH,2021-02-20,11613423
US-OK,2021-02-23,3940521
US-OK,2021-02-06,3940521
US-OK,2021-02-13,3940521
US-OK,2021-02-20,3940521
US-OK,2021-02-14,3940521
US-OK,2021-02-12,3940521
US-OK,2021-02-24,3940521
US-OR,2021-02-06,4028977
US-OR,2021-02-12,4028977
US-OR,2021-02-23,4028977
US-OR,2021-02-14,4028977
US-OR,2021-02-13,4028977
US-OR,2021-02-20,4028977
US-OR,2021-02-24,4028977
US-PA,2021-02-23,12802503
US-PA,2021-02-24,12802503
US-PA,2021-02-13,12802503
US-PA,2021-02-20,12802503
US-PA,2021-02-12,12802503
US-PA,2021-02-14,12802503
US-PA,2021-02-06,12802503
US-PR,2021-02-14,3193694
US-PR,2021-02-20,3193694
US-PR,2021-02-13,3193694
US-PR,2021-02-23,3193694
US-PR,2021-02-24,3193694
US-PR,2021-02-12,3193694
US-RI,2021-02-23,1056298
US-RI,2021-02-06,1056298
US-RI,2021-02-13,1056298
US-RI,2021-02-12,1056298
US-RI,2021-02-14,1056298
US-RI,2021-02-24,1056298
US-RI,2021-02-20,1056298
US-SC,2021-02-12,4896146
US-SC,2021-02-14,4896146
US-SC,2021-02-13,4896146
US-SC,2021-02-24,4896146
US-SC,2021-02-06,4896146
US-SC,2021-02-23,4896146
US-SC,2021-02-20,4896146
US-SD,2021-02-14,858469
US-SD,2021-02-13,858469
US-SD,2021-02-06,858469
US-SD,2021-02-23,858469
US-SD,2021-02-24,858469
US-SD,2021-02-12,858469
US-SD,2021-02-20,858469
US-TN,2021-02-24,6600299
US-TN,2021-02-12,6600299
US-TN,2021-02-20,6600299
US-TN,2021-02-13,6600299
US-TN,2021-02-23,6600299
US-TN,2021-02-14,6600299
US-TN,2021-02-06,6600299
US-TX,2021-02-14,28995881
US-TX,2021-02-20,28995881
US-TX,2021-02-13,28995881
US-TX,2021-02-24,28995881
US-TX,2021-02-06,28995881
US-TX,2021-02-12,28995881
US-TX,2021-02-23,28995881
US-UT,2021-02-13,2995919
US-UT,2021-02-12,2995919
US-UT,2021-02-23,2995919
US-UT,2021-02-06,2995919
US-UT,2021-02-14,2995919
US-UT,2021-02-24,2995919
US-UT,2021-02-20,2995919
US-VA,2021-02-24,8382993
US-VA,2021-02-12,8382993
US-VA,2021-02-23,8382993
US-VA,2021-02-20,8382993
US-VA,2021-02-06,8382993
US-VA,2021-02-13,8382993
US-VA,2021-02-14,8382993
US-VI,2021-02-06,106235
US-VI,2021-02-23,106235
US-VI,2021-02-20,106235
US-VI,2021-02-13,106235
US-VI,2021-02-14,106235
US-VI,2021-02-24,106235
US-VI,2021-02-12,106235
US-VT,2021-02-24,626042
US-VT,2021-02-06,626042
US-VT,2021-02-23,626042
US-VT,2021-02-20,626042
US-VT,2021-02-14,626042
US-VT,2021-02-13,626042
US-VT,2021-02-12,626042
US-WA,2021-02-24,7170351
US-WA,2021-02-23,7170351
US-WA,2021-02-20,7170351
US-WA,2021-02-14,7170351
US-WA,2021-02-06,7170351
US-WA,2021-02-12,7170351
US-WA,2021-02-13,7170351
US-WI,2021-02-14,5771337
US-WI,2021-02-12,5771337
US-WI,2021-02-23,5771337
US-WI,2021-02-20,5771337
US-WI,2021-02-24,5771337
US-WI,2021-02-13,5771337
US-WI,2021-02-06,5771337
US-WV,2021-02-14,1844128
US-WV,2021-02-23,1844128
US-WV,2021-02-13,1844128
US-WV,2021-02-06,1844128
US-WV,2021-02-20,1844128
US-WV,2021-02-12,1844128
US-WV,2021-02-24,1844128
US-WY,2021-02-20,586107
US-WY,2021-02-23,586107
US-WY,2021-02-14,586107
US-WY,2021-02-13,586107
US-WY,2021-02-06,586107
US-WY,2021-02-24,586107
US-WY,2021-02-12,586107
